Workbook

Sheet Validation_Report
A1: AICTE PORTAL ACCESS CONTROL & GOVERNANCE VALIDATION REPORT
A2: Automated Governance, Relational Integrity & Separation-of-Duties (SoD) Audit Suite
A4: EXECUTIVE KPI SUMMARY | B4: Total Integrity Tests | C4: Tests Passed | D4: Tests Failed | E4: System Compliance Rate | F4: Decision Authority SoD
A5: Current Status | B5: =COUNTA(A10:A19) -> 10 | C5: =COUNTIF(E10:E19, "PASS") -> 10 | D5: =COUNTIF(E10:E19, "FAIL") -> 0 | E5: =COUNTIF(E10:E19, "PASS")/COUNTA(A10:A19) -> 1 | F5: =IF(AND(D15=0, D16=0, D17=0, D18=0, D19=0), "VERIFIED SECURE", "SOD VIOLATION") -> VERIFIED SECURE
A6: Benchmark / Threshold | B6: 10 Core Unit Tests | C6: 10 Passing Target | D6: 0 Tolerated | E6: 100.0% Target | F6: AICTE Act 1987 Mandate
A8: AUTOMATED GOVERNANCE & INTEGRITY UNIT TESTS
A9: test_id | B9: test_category | C9: test_description | D9: violation_count | E9: test_status | F9: remediation_action
A10: TEST_001 | B10: DATA_SANITY | C10: Ensures primary key uniqueness in Roles sheet (no duplicate role IDs). | D10: {=COUNTA(Roles!A2:A9)-COUNTA(UNIQUE(Roles!A2:A9))} -> 0 | E10: =IF(D10=0, "PASS", "FAIL") -> PASS | F10: Remove duplicate role entries from Roles!A2:A9.
A11: TEST_002 | B11: DATA_SANITY | C11: Ensures primary key uniqueness in Demo_Users sheet (no duplicate user IDs). | D11: {=COUNTA(Demo_Users!A2:A9)-COUNTA(UNIQUE(Demo_Users!A2:A9))} -> 0 | E11: =IF(D11=0, "PASS", "FAIL") -> PASS | F11: Ensure distinct USR_DEMO_xxx identifiers across all synthetic users.
A12: TEST_003 | B12: DATA_SANITY | C12: Ensures primary key uniqueness in Permissions sheet (no duplicate permission IDs). | D12: {=COUNTA(Permissions!A2:A39)-COUNTA(UNIQUE(Permissions!A2:A39))} -> 0 | E12: =IF(D12=0, "PASS", "FAIL") -> PASS | F12: Deduplicate or re-index permission identifiers in Permissions!A2:A39.
A13: TEST_004 | B13: REFERENTIAL_INTEGRITY | C13: Verifies every role_id in Demo_Users exists in Roles!A2:A9 (zero dangling role references). | D13: =SUMPRODUCT((COUNTIF(Roles!A2:A9, Demo_Users!C2:C9)=0)*(Demo_Users!C2:C9<>"")) -> 0 | E13: =IF(D13=0, "PASS", "FAIL") -> PASS | F13: Remap orphaned user role assignments to authorized roles in Roles!A2:A9.
A14: TEST_005 | B14: REFERENTIAL_INTEGRITY | C14: Verifies every role_id in Permissions exists in Roles!A2:A9 (zero dangling role references). | D14: =SUMPRODUCT((COUNTIF(Roles!A2:A9, Permissions!B2:B39)=0)*(Permissions!B2:B39<>"")) -> 0 | E14: =IF(D14=0, "PASS", "FAIL") -> PASS | F14: Align permission role assignments with authoritative roles defined in Roles!A2:A9.
A15: TEST_006 | B15: DECISION_AUTHORITY | C15: Enforces AICTE statutory mandate: ONLY ROLE_COMPETENT_AUTH may have OFFICIAL_DECISION RECORD = TRUE. | D15: =COUNTIFS(Permissions!C2:C39, "OFFICIAL_DECISION", Permissions!D2:D39, "RECORD", Permissions!E2:E39, TRUE, Permissions!B2:B39, "<>ROLE_COMPETENT_AUTH") -> 0 | E15: =IF(D15=0, "PASS", "FAIL") -> PASS | F15: Immediately revoke OFFICIAL_DECISION recording permissions from non-statutory roles.
A16: TEST_007 | B16: SOD_GOVERNANCE | C16: Enforces IT/SecOps segregation: ROLE_SYS_ADMIN must never hold academic or decision recording rights. | D16: =COUNTIFS(Permissions!B2:B39, "ROLE_SYS_ADMIN", Permissions!C2:C39, "OFFICIAL_DECISION", Permissions!E2:E39, TRUE) -> 0 | E16: =IF(D16=0, "PASS", "FAIL") -> PASS | F16: Revoke substantive regulatory and decision actions from System Administrator.
A17: TEST_008 | B17: SOD_GOVERNANCE | C17: Enforces SHC/SAC advisory limit: ROLE_COMMITTEE_REVIEWER cannot record statutory decisions. | D17: =COUNTIFS(Permissions!B2:B39, "ROLE_COMMITTEE_REVIEWER", Permissions!C2:C39, "OFFICIAL_DECISION", Permissions!E2:E39, TRUE) -> 0 | E17: =IF(D17=0, "PASS", "FAIL") -> PASS | F17: Ensure Committee Reviewer role is limited to advisory recommendations only.
A18: TEST_009 | B18: SOD_GOVERNANCE | C18: Enforces audit log immutability: ROLE_SYS_ADMIN must never have permission to modify or delete audit logs. | D18: =COUNTIFS(Permissions!B2:B39, "ROLE_SYS_ADMIN", Permissions!C2:C39, "AUDIT_LOG", Permissions!D2:D39, "MODIFY", Permissions!E2:E39, TRUE) -> 0 | E18: =IF(D18=0, "PASS", "FAIL") -> PASS | F18: Strictly deny AUDIT_LOG MODIFY permissions in Permissions sheet.
A19: TEST_010 | B19: SOD_GOVERNANCE | C19: Enforces identity integrity: ROLE_SYS_ADMIN must never have permission to silently impersonate users or roles. | D19: =COUNTIFS(Permissions!B2:B39, "ROLE_SYS_ADMIN", Permissions!C2:C39, "USER_IDENTITY", Permissions!D2:D39, "IMPERSONATE", Permissions!E2:E39, TRUE) -> 0 | E19: =IF(D19=0, "PASS", "FAIL") -> PASS | F19: Strictly deny USER_IDENTITY IMPERSONATE permissions in Permissions sheet.
A21: WORKFLOW STAGE PERMISSION COVERAGE AUDIT (13 WORKFLOW STAGES)
A22: stage_number | B22: workflow_stage | C22: resource_target | D22: authorized_roles | E22: statutory_enforcement_mode | F22: audit_logging_status
A23: STAGE_01 | B23: Application Submission | C23: APPLICATION | D23: Institution Applicant | E23: RBAC + Submission Window Active | F23: Mandatory Audit Event (PERM_001, 002)
A24: STAGE_02 | B24: Application Assignment | C24: APPLICATION | D24: Intake Officer | E24: RBAC + Fee Verified Status | F24: Mandatory Audit Event (PERM_009)
A25: STAGE_03 | B25: Fee Reconciliation & Verification | C25: APPLICATION_FEE | D25: Intake Officer | E25: ABAC + Payment Gateway Match | F25: Mandatory Audit Event + Reason (PERM_010)
A26: STAGE_04 | B26: Document Scrutiny | C26: SCRUTINY_REPORT | D26: Scrutiny Officer | E26: Panel Quorum + Active Scrutiny Window | F26: Mandatory Audit Event + Reason (PERM_013)
A27: STAGE_05 | B27: Deficiency Notice Issuance | C27: DEFICIENCY_NOTICE | D27: Scrutiny Officer, Compliance Reviewer | E27: Norm Non-compliance Flagged | F27: Mandatory Audit Event + Reason (PERM_014, 029)
A28: STAGE_06 | B28: Correction Uploading & Review | C28: DEFICIENCY_CORRECTION, CORRECTION_SUBMISSION | D28: Institution Applicant, Scrutiny Officer | E28: Bounded Correction Window Active | F28: Mandatory Audit Event + Reason (PERM_004, 015)
A29: STAGE_07 | B29: EVC Inspection Management | C29: EVC_INSPECTION, EVC_REPORT | D29: EVC Coordinator/Team | E29: Geo-tagged Photos + Infrastructure Video | F29: Mandatory Audit Event + Reason (PERM_018, 019)
A30: STAGE_08 | B30: Committee Recommendations | C30: COMMITTEE_RECOMMENDATION | D30: Committee Reviewer (SHC/SAC) | E30: Hearing Quorum Verified; Advisory Only | F30: Mandatory Audit Event + Reason (PERM_022)
A31: STAGE_09 | B31: Official Decision Recording | C31: OFFICIAL_DECISION | D31: Competent Authority / Authorised Official | E31: Exclusive AICTE Act Statutory Mandate | F31: Mandatory Audit Event + Written Reason (PERM_024)
A32: STAGE_10 | B32: Statutory Order Issuance | C32: OFFICIAL_DECISION_ORDER | D32: Competent Authority / Authorised Official | E32: Digital Signature Authenticated | F32: Mandatory Audit Event (PERM_025)
A33: STAGE_11 | B33: Post-Approval Compliance | C33: UNDERTAKING, DOCUMENT_RENEWAL | D33: Compliance Reviewer | E33: Annual Extension Cycle & Norm Audit | F33: Mandatory Audit Event + Reason (PERM_027, 028)
... A35: STAGE_13 | B35: Security Administration & Audit Viewing | C35: ROLE_CONFIGURATION, USER_ACCOUNT, AUDIT_LOG | D35: System Administrator | E35: MFA Super-Admin Session; Immutable Logs | F35: Mandatory Audit Event + Written Reason (PERM_031-033, 037, 038)

Sheet Roles
A1: role_id | B1: role_name | C1: role_description | D1: is_demo_role | E1: source_reference | F1: demo_notes | G1: dataset_3_mapping | H1: datasets_5_7_mapping | I1: dataset_9_mapping
A2: ROLE_INST_APPLICANT | B2: Institution Applicant | C2: Authorized representative of an academic institution responsible for drafting, submitting, and updating approval applications and compliance documents. | D2: TRUE | E2: AICTE Approval Process Handbook (APH); illustrative prototype role design | F2: Prototype role for portal demo; scoped strictly to institution's own data. | G2: ROLE_INSTITUTION_ADMIN (ROL_01 "Institution Admin") | H2: ROLE_INSTITUTION_ADMIN | I2: ROLE_INSTITUTION_ADMIN (USR-INST-1001, USR-INST-1002, USR-INST-1015)
A3: ROLE_INTAKE_OFFICER | B3: Intake Officer | C3: AICTE/portal administrative officer responsible for initial receipt, completeness check, fee payment verification, and routing applications. | D3: TRUE | E3: AICTE APH Application Receiving & Processing workflow; illustrative prototype role design | F3: Assigned to initial intake triage; can view all incoming submissions but cannot record decisions. | G3: ROLE_INTAKE_OFFICER (ROL_02) / ROLE_VALIDATION_OFFICER (ROL_03) | H3: ROLE_RO_CASE_WORKER / ROLE_REGIONAL_OFFICER | I3: ROLE_RO_CASE_WORKER (USR-RO-W01)
A4: ROLE_SCRUTINY_OFFICER | B4: Scrutiny Officer | C4: Member of the Scrutiny Committee verifying institutional documentation, land/building norms, regulatory compliance, and issuing deficiency notices. | D4: TRUE | E4: AICTE APH Chapter I & II Scrutiny Procedures; illustrative prototype role design | F4: Performs document scrutiny; can raise deficiency notices and review correction submissions. | G4: ROLE_SCRUTINY_OFFICER (ROL_04 "Scrutiny Officer") | H4: ROLE_SCRUTINY_MEMBER | I4: ROLE_SCRUTINY_MEMBER (USR-SCRUT-402)
A5: ROLE_EVC_TEAM | B5: EVC Coordinator/Team | C5: Expert Visiting Committee expert/coordinator conducting physical or virtual inspection of campus infrastructure, labs, and faculty readiness. | D5: TRUE | E5: AICTE APH Expert Visit Committee (EVC) guidelines; illustrative prototype role design | F5: Uploads EVC inspection reports, schedules visits, and enters findings; cannot issue final decisions. | G5: ROLE_EVC_COORDINATOR (ROL_05 "EVC Coordinator") | H5: ROLE_EVC_EXPERT | I5: ROLE_APPROVAL_BUREAU (Inspection Scheduling) / ROLE_EVC_EXPERT
A6: ROLE_COMMITTEE_REVIEWER | B6: Committee Reviewer | C6: Standing Hearing Committee (SHC) or Standing Appellate Committee (SAC) member reviewing scrutiny/EVC findings and formulating recommendations. | D6: TRUE | E6: AICTE APH Hearing & Appellate Committee Framework; illustrative prototype role design | F6: Formulates advisory recommendations only; strictly prohibited from recording statutory decisions. | G6: ROLE_COMMITTEE_SECRETARIAT (ROL_06) / ROLE_APPELLATE_AUTHORITY (ROL_09) | H6: ROLE_SAC_CHAIR | I6: ROLE_SAC_CHAIR (Appellate Hearing Review)
A7: ROLE_COMPETENT_AUTH | B7: Competent Authority/Authorised Official | C7: Designated statutory executive (e.g., Member Secretary / Chairman / Council Authorized Signatory) empowered to record official approval decisions. | D7: TRUE | E7: AICTE Act, 1987 & Approval Process Handbook Statutory Decision Provisions | F7: Sole role authorized to record official approval, rejection, or withdrawal decisions in the system. | G7: ROLE_COMPETENT_AUTHORITY (ROL_07) / ROLE_RECORDS_OFFICER (ROL_08) | H7: ROLE_EXECUTIVE_COMMITTEE / ROLE_APPROVAL_BUREAU | I7: ROLE_EXECUTIVE_COMMITTEE (USR-EC-SEC-01: LoA, EoA, Rejection)
A8: ROLE_COMPLIANCE_REV | B8: Compliance Reviewer | C8: Officer monitoring post-approval compliance, periodic affidavit verification, annual extension submissions, and regulatory disclosures. | D8: TRUE | E8: AICTE APH Post-Approval Compliance & Monitoring Guidelines; illustrative prototype role design | F8: Reviews annual compliance, undertaking submissions, and renewal documentation. | G8: ROLE_SCRUTINY_OFFICER (Post-deficiency) / ROLE_AUDITOR_VIGILANCE (ROL_10) | H8: ROLE_APPROVAL_BUREAU / ROLE_REGIONAL_OFFICER | I8: ROLE_APPROVAL_BUREAU / ROLE_REGIONAL_OFFICER (USR-RO-DIR-NW)
A9: ROLE_SYS_ADMIN | B9: System Administrator | C9: Technical platform administrator managing user accounts, role-based access control, security parameters, system settings, and audit logs. | D9: TRUE | E9: Standard Enterprise IT & Platform Security Governance; illustrative prototype role design | F9: Administrative role for user provisioning, configuration, and audit viewing; excluded from academic evaluations. | G9: ROLE_SYSTEM_ENGINE (ROL_11 "Automated Workflow Orchestrator") | H9: ROLE_SYSTEM_ENGINE (Automated Timers / Alert Scheduler) | I9: ROLE_SYSTEM_ENGINE (SYS-ENGINE-AUTO, SYS-GATEWAY-WEBHOOK)

Sheet Permissions
A1: permission_id | B1: role_id | C1: resource | D1: action | E1: permission_granted | F1: conditions | G1: requires_reason | H1: creates_audit_event | I1: source_reference | J1: is_demo_rule | K1: demo_notes
A2: PERM_001 | B2: ROLE_INST_APPLICANT | C2: APPLICATION | D2: CREATE | E2: TRUE | F2: Owned institution only; before submission deadline | G2: FALSE | H2: TRUE | I2: AICTE APH Application Submission; prototype rule | J2: TRUE | K2: Allows drafting initial approval application.
A3: PERM_002 | B3: ROLE_INST_APPLICANT | C3: APPLICATION | D3: SUBMIT | E3: TRUE | F3: Mandatory fields complete; payment confirmed; before deadline | G3: FALSE | H3: TRUE | I3: AICTE APH Application Submission; prototype rule | J3: TRUE | K3: Submits application to intake queue; locks editing.
A4: PERM_003 | B4: ROLE_INST_APPLICANT | C4: APPLICATION | D4: VIEW | E4: TRUE | F4: Scoped strictly to own institution ID | G4: FALSE | H4: FALSE | I4: Data Privacy / Access Control; prototype rule | J4: TRUE | K4: Cannot view other institutions' applications.
A5: PERM_004 | B5: ROLE_INST_APPLICANT | C5: DEFICIENCY_CORRECTION | D5: SUBMIT | E5: TRUE | F5: Deficiency notice active; within correction window | G5: TRUE | H5: TRUE | I5: AICTE APH Scrutiny Correction Process; prototype rule | J5: TRUE | K5: Allows uploading compliance documents to rectify noted deficiencies.
A6: PERM_005 | B6: ROLE_INST_APPLICANT | C6: UNDERTAKING | D6: SUBMIT | E6: TRUE | F6: Digital signature or Aadhaar OTP authenticated | G6: FALSE | H6: TRUE | I6: AICTE APH Affidavit & Undertaking Norms; prototype rule | J6: TRUE | K6: Uploads sworn compliance undertakings and affidavits.
A7: PERM_006 | B7: ROLE_INST_APPLICANT | C7: DOCUMENT_RENEWAL | D7: SUBMIT | E7: TRUE | F7: Annual renewal cycle open for approved institutions | G7: FALSE | H7: TRUE | I7: AICTE APH Extension of Approval (EoA); prototype rule | J7: TRUE | K7: Submits annual renewal documents and fee.
A8: PERM_007 | B8: ROLE_INST_APPLICANT | C8: OFFICIAL_DECISION | D8: RECORD | E8: FALSE | F8: Strictly denied: Non-authority role | G8: FALSE | H8: TRUE | I8: AICTE Act, 1987 Section 10; statutory governance | J8: TRUE | K8: Institutions are barred from recording any statutory approval decision.
A9: PERM_008 | B9: ROLE_INTAKE_OFFICER | C9: APPLICATION | D9: VIEW | E9: TRUE | F9: All submitted applications within assigned region | G9: FALSE | H9: FALSE | I9: AICTE Intake Desk SOP; prototype rule | J9: TRUE | K9: Allows screening submitted applications across jurisdiction.
A10: PERM_009 | B10: ROLE_INTAKE_OFFICER | C10: APPLICATION | D10: ASSIGN | E10: TRUE | F10: Application status = SUBMITTED; fees verified | G10: FALSE | H10: TRUE | I10: AICTE Intake Routing Procedure; prototype rule | J10: TRUE | K10: Routes applications to Scrutiny Committee officers.
A11: PERM_010 | B11: ROLE_INTAKE_OFFICER | C11: APPLICATION_FEE | D11: VERIFY | E11: TRUE | F11: Payment gateway reconciliation matching transaction ref | G11: TRUE | H11: TRUE | I11: Financial Verification Rules; prototype rule | J11: TRUE | K11: Verifies fee receipts before forwarding to scrutiny.
A12: PERM_011 | B12: ROLE_INTAKE_OFFICER | C12: DEADLINE | D12: MANAGE | E12: FALSE | F12: Strictly denied: Administrative intake only | G12: FALSE | H12: TRUE | I12: AICTE Statutory Regulation; prototype rule | J12: TRUE | K12: Intake officers cannot modify or extend statutory deadlines.
A13: PERM_012 | B13: ROLE_SCRUTINY_OFFICER | C13: APPLICATION | D13: VIEW | E13: TRUE | F13: Applications assigned to scrutiny panel | G13: FALSE | H13: FALSE | I13: AICTE APH Scrutiny Guidelines; prototype rule | J13: TRUE | K13: Full view of institutional uploaded forms and attachments.
... A39: PERM_038 | B39: ROLE_SYS_ADMIN | C39: USER_IDENTITY | D39: IMPERSONATE | E39: FALSE | F39: Strictly denied: Silent impersonation of statutory authority or applicants prohibited | G39: FALSE | H39: TRUE | I39: Separation of Duties (SoD); Enterprise Access Governance | J39: TRUE | K39: Barred from assuming identity or executing decisions on behalf of other roles.

Sheet Demo_Users
A1: user_id | B1: display_name | C1: role_id | D1: demo_account_status | E1: is_synthetic_user | F1: demo_notes
A2: USR_DEMO_001 | B2: Demo Institution Registrar (Apex Tech) | C2: ROLE_INST_APPLICANT | D2: ACTIVE | E2: TRUE | F2: Synthetic applicant representing engineering institute applying for EoA.
A3: USR_DEMO_002 | B3: Demo Intake Officer (Regional Cell) | C3: ROLE_INTAKE_OFFICER | D3: ACTIVE | E3: TRUE | F3: Synthetic officer handling application triage and payment verification.
A4: USR_DEMO_003 | B4: Demo Scrutiny Officer (Tech Evaluation) | C4: ROLE_SCRUTINY_OFFICER | D4: ACTIVE | E4: TRUE | F4: Synthetic reviewer conducting document scrutiny and issuing deficiencies.
A5: USR_DEMO_004 | B5: Demo EVC Lead (Physical Inspection) | C5: ROLE_EVC_TEAM | D5: ACTIVE | E5: TRUE | F5: Synthetic inspection expert compiling on-site infrastructure verification report.
A6: USR_DEMO_005 | B6: Demo Hearing Committee Chair (SHC) | C6: ROLE_COMMITTEE_REVIEWER | D6: ACTIVE | E6: TRUE | F6: Synthetic reviewer recording committee recommendation; advisory only.
A7: USR_DEMO_006 | B7: Demo Authorized Signatory (Council Executive) | C7: ROLE_COMPETENT_AUTH | D7: ACTIVE | E7: TRUE | F7: Synthetic competent authority with statutory approval and rejection mandate.
A8: USR_DEMO_007 | B8: Demo Compliance Officer (Annual Monitoring) | C8: ROLE_COMPLIANCE_REV | D8: ACTIVE | E8: TRUE | F8: Synthetic reviewer monitoring post-approval compliance and affidavits.
A9: USR_DEMO_008 | B9: Demo System Administrator (SecOps) | C9: ROLE_SYS_ADMIN | D9: ACTIVE | E9: TRUE | F9: Synthetic administrative profile managing roles, permissions, and audit logs.

Sheet Data_Dictionary
A1: sheet_name | B1: field_name | C1: data_type | D1: allowed_values_or_format | E1: description_and_relationships
A2: Roles | B2: role_id | C2: STRING (PK) | D2: ROLE_[A-Z0-9_]+ | E2: Primary key identifying the role; referenced by Permissions.role_id and Demo_Users.role_id.
A3: Roles | B3: role_name | C3: STRING | D3: Text (up to 100 chars) | E3: Human-readable title describing the organizational or portal role.
A4: Roles | B4: role_description | C4: STRING | D4: Text | E4: Detailed description of duties, responsibilities, and operational scope.
A5: Roles | B5: is_demo_role | C5: BOOLEAN | D5: TRUE | FALSE | E5: Flag denoting whether the role definition is constructed for prototype evaluation.
A6: Roles | B6: source_reference | C6: STRING | D6: Text / Citation | E6: Statutory regulation, AICTE APH handbook clause, or illustrative design note.
A7: Roles | B7: demo_notes | C7: STRING | D7: Text | E7: Prototype specific boundaries, limitations, and operational context.
A8: Roles | B8: dataset_3_mapping | C8: STRING | D8: Canonical Role_Code / Role_Title | E8: Traceable mapping to canonical workflow roles in Dataset 3 (Role_Permissions and Transition_Rules).
A9: Roles | B9: datasets_5_7_mapping | C9: STRING | D9: Canonical Role_Code | E9: Traceable mapping to compliance undertaking and deadline roles in Datasets 5 and 7.
A10: Roles | B10: dataset_9_mapping | C10: STRING | D10: Actor_Role & User IDs | E10: Traceable mapping to audit event actor roles and synthetic seed user accounts in Dataset 9.
A11: Permissions | B11: permission_id | C11: STRING (PK) | D11: PERM_[0-9]{3} | E11: Primary key uniquely identifying each granular access rule.
A12: Permissions | B12: role_id | C12: STRING (FK) | D12: Must exist in Roles.role_id | E12: Foreign key linking permission rule to a valid role defined in the Roles sheet.
... A36: Schema_Governance | B36: decision_authority | C36: CONSTRAINT | D36: OFFICIAL_DECISION RECORD = TRUE strictly confined to ROLE_COMPETENT_AUTH | E36: Statutory governance constraint: Committee reviewers have advisory scope only; only Competent Authority holds decision disposal power.

Sheet Read_Me
A1: section | B1: topic | C1: details_and_guidelines
A2: Overview | B2: Prototype Purpose & Scope | C2: This workbook (Dataset_8_User_roles_and_permissions) is engineered as an illustrative access control specification for SIH26262 prototype evaluation. It is NOT a definitive statement of official AICTE organizational authority.
A3: Architecture | B3: Role-Based & Attribute-Based Access Control (RBAC/ABAC) | C3: Combines RBAC roles with ABAC contextual rules (e.g., institution ownership, quorum completion, and active calendar windows) to govern access securely.
A4: Statutory Limits | B4: Exclusive Competent Authority Decision Mandate | C4: CRITICAL GOVERNANCE RULE: Only the designated Competent Authority/Authorised Official role (ROLE_COMPETENT_AUTH) is authorized to record official statutory decisions (Grant, Refusal, Revocation).
A5: Statutory Limits | B5: Committee Reviewer Advisory Boundary | C5: CRITICAL GOVERNANCE RULE: Committee Reviewers (Standing Hearing Committee / Standing Appellate Committee) record advisory recommendations only and are strictly barred from recording statutory decisions.
A6: Statutory Limits | B6: Deadline & Automated Event Limitations | C6: CRITICAL GOVERNANCE RULE: System notifications, automated alerts, and deadline expirations NEVER convey decision-making authority or auto-approve applications.
A7: Technical Enforcement | B7: Mandatory Backend Enforcement | C7: CRITICAL SECURITY MANDATE: Hiding UI elements or disabling buttons in the client application is strictly insufficient. Every API endpoint and microservice MUST independently validate role permissions and contextual conditions on the backend.
A8: Technical Enforcement | B8: Audit Trail & Immutability | C8: All state changes, especially decision attempts, recommendation entries, and deficiency notices, must produce cryptographically sealed, immutable audit log events with actor identity, timestamp, and IP address.
A9: Integrity Constraints | B9: Referential Integrity Rule | C9: Strict foreign key constraints: Every role_id referenced in Permissions and Demo_Users tables must exist as a valid primary key in the Roles sheet.
A10: Testing & Privacy | B10: Zero Real PII / Synthetic Credentials | C10: All accounts defined in Demo_Users are 100% synthetic fictional personas created solely for portal simulation. No real individual names, email credentials, or confidential PII are utilized.
A11: Testing & Privacy | B11: Prototype Rule Marking | C11: All prototype-specific rules and roles are explicitly flagged with is_demo_role = TRUE and is_demo_rule = TRUE to distinguish prototype configurations from statutory legal regulations.
A12: Source Lineage | B12: Legal & Statutory Baseline | C12: Core workflow stages (Intake, Scrutiny, EVC, SAC/SHC Hearing, Approval Decision) follow the AICTE Act, 1987 and AICTE Approval Process Handbook (APH) governance framework.
... A22: Disclaimer | B22: Non-Statutory Disclaimer | C22: This document and associated datasets represent a technical prototype demonstration for the Smart India Hackathon and do not supersede official notifications published by AICTE.
