Workbook

Sheet Applications
A1: application_id | B1: institution_id | C1: application_type | D1: current_stage | E1: application_status | F1: submitted_date | G1: stage_entered_date | H1: due_date | I1: assigned_role | J1: deficiency_flag | K1: last_updated | L1: data_type | M1: deadline_condition | N1: reference_date | O1: demo_notes
A2: APP001 | B2: INST001 | C2: Extension of Approval | D2: DRAFT | E2: DRAFT | G2: 46319 | I2: Institution Admin | J2: No | K2: 46320 | L2: SYNTHETIC_DEMO | M2: NO_ACTIVE_DEADLINE | N2: 46320 | O2: Fictional record; initial draft saved prior to formal submission.
A3: APP002 | B3: INST002 | C3: New Programme | D3: SUBMITTED | E3: IN_PROGRESS | F3: 46317 | G3: 46319 | H3: 46327 | I3: Intake Officer | J3: No | K3: 46320 | L3: SYNTHETIC_DEMO | M3: ON_TRACK | N3: 46320 | O3: Fictional record; submitted and awaiting initial intake review.
A4: APP003 | B4: INST003 | C4: Increase in Intake | D4: INITIAL_VALIDATION | E4: IN_PROGRESS | F4: 46315 | G4: 46318 | H4: 46323 | I4: Validation Officer | J4: No | K4: 46319 | L4: SYNTHETIC_DEMO | M4: UPCOMING | N4: 46320 | O4: Fictional record; initial fee and document validation underway.
A5: APP004 | B5: INST004 | C5: Extension of Approval | D5: INITIAL_SCRUTINY | E5: IN_PROGRESS | F5: 46313 | G5: 46317 | H5: 46325 | I5: Scrutiny Officer | J5: No | K5: 46318 | L5: SYNTHETIC_DEMO | M5: ON_TRACK | N5: 46320 | O5: Fictional record; technical scrutiny in progress on track.
A6: APP005 | B6: INST005 | C6: New Programme | D6: INITIAL_SCRUTINY | E6: IN_PROGRESS | F6: 46309 | G6: 46312 | H6: 46317 | I6: Scrutiny Officer | J6: No | K6: 46319 | L6: SYNTHETIC_DEMO | M6: OVERDUE | N6: 46320 | O6: Fictional record; initial scrutiny past internal target date.
A7: APP006 | B7: INST006 | C7: Extension of Approval | D7: DEFICIENCY_RAISED | E7: ACTION_REQUIRED | F7: 46310 | G7: 46313 | H7: 46322 | I7: Institution Admin | J7: Yes | K7: 46318 | L7: SYNTHETIC_DEMO | M7: UPCOMING | N7: 46320 | O7: Fictional record; deficiency notice sent, response window active.
A8: APP007 | B8: INST007 | C8: New Programme | D8: DEFICIENCY_RAISED | E8: ACTION_REQUIRED | F8: 46305 | G8: 46309 | H8: 46318 | I8: Institution Admin | J8: Yes | K8: 46317 | L8: SYNTHETIC_DEMO | M8: OVERDUE | N8: 46320 | O8: Fictional record; institution compliance response overdue.
A9: APP008 | B9: INST008 | C9: Increase in Intake | D9: DEFICIENCY_RAISED | E9: ACTION_REQUIRED | F9: 46311 | G9: 46316 | H9: 46324 | I9: Institution Admin | J9: Yes | K9: 46319 | L9: SYNTHETIC_DEMO | M9: ON_TRACK | N9: 46320 | O9: Fictional record; pending compliance submission on track.
A10: APP009 | B10: INST009 | C10: Extension of Approval | D10: DEFICIENCY_RAISED | E10: ACTION_REQUIRED | F10: 46307 | G10: 46311 | H10: 46320 | I10: Institution Admin | J10: Yes | K10: 46319 | L10: SYNTHETIC_DEMO | M10: DUE_TODAY | N10: 46320 | O10: Fictional record; final day for deficiency response submission.
A11: APP010 | B11: INST010 | C11: New Programme | D11: RE_SCRUTINY | E11: IN_PROGRESS | F11: 46306 | G11: 46316 | H11: 46322 | I11: Scrutiny Officer | J11: No | K11: 46318 | L11: SYNTHETIC_DEMO | M11: UPCOMING | N11: 46320 | O11: Fictional record; evaluating compliance documents submitted after deficiency.
A12: APP011 | B12: INST011 | C12: Extension of Approval | D12: RE_SCRUTINY | E12: IN_PROGRESS | F12: 46308 | G12: 46314 | H12: 46319 | I12: Scrutiny Officer | J12: No | K12: 46319 | L12: SYNTHETIC_DEMO | M12: OVERDUE | N12: 46320 | O12: Fictional record; re-scrutiny review exceeded designated timeline.
A13: APP012 | B13: INST012 | C13: New Programme | D13: RE_SCRUTINY | E13: IN_PROGRESS | F13: 46312 | G13: 46318 | H13: 46326 | I13: Scrutiny Officer | J13: No | K13: 46319 | L13: SYNTHETIC_DEMO | M13: ON_TRACK | N13: 46320 | O13: Fictional record; second-level scrutiny progressing normally.
A14: APP013 | B14: INST013 | C14: Increase in Intake | D14: EVC_PENDING | E14: IN_PROGRESS | F14: 46307 | G14: 46317 | H14: 46323 | I14: EVC Coordinator | J14: No | K14: 46318 | L14: SYNTHETIC_DEMO | M14: UPCOMING | N14: 46320 | O14: Fictional record; expert visit committee roster assignment pending.
... A26: APP025 | B26: INST015 | C26: Increase in Intake | D26: REJECTED | E26: REJECTED | F26: 46296 | G26: 46310 | H26: 46316 | I26: Appellate Authority | J26: No | K26: 46317 | L26: SYNTHETIC_DEMO | M26: NO_ACTIVE_DEADLINE | N26: 46320 | O26: Fictional record; formally rejected after standing hearing committee review.

Sheet Data_Dictionary
A1: column_name | B1: data_type | C1: meaning | D1: required | E1: allowed_values_or_format | F1: validation_rule
A2: application_id | B2: String | C2: Unique primary key identifier for each regulatory application | D2: Yes | E2: APP001 - APP025 (Format: APP###) | F2: Must be unique, non-blank, and strictly match regex ^APP[0-9]{3}$
A3: institution_id | B3: String | C3: Foreign key referencing verified higher education institution from Dataset 1 | D3: Yes | E3: INST001 - INST015 (Format: INST###) | F3: Must exist in Dataset 1 master institution registry (INST001 to INST015)
A4: application_type | B4: String | C4: Statutory AICTE approval category sought by the institution | D4: Yes | E4: Extension of Approval, New Programme, Increase in Intake | F4: Must match one of the 3 statutory approval categories exactly
A5: current_stage | B5: String | C5: Granular regulatory processing stage within AICTE approval workflow | D5: Yes | E5: DRAFT, SUBMITTED, INITIAL_VALIDATION, INITIAL_SCRUTINY, DEFICIENCY_RAISED, RE_SCRUTINY, EVC_PENDING, EVC_SCHEDULED, EVC_COMPLETED, COMMITTEE_REVIEW, DECISION_PENDING, COMPLETED, REJECTED | F5: Must follow sequential lifecycle progression and map to valid assigned role
A6: application_status | B6: String | C6: High-level operational governance and lifecycle tracking status | D6: Yes | E6: DRAFT, IN_PROGRESS, ACTION_REQUIRED, COMPLETED, REJECTED | F6: Must strictly align with current_stage (e.g. DEFICIENCY_RAISED requires ACTION_REQUIRED)
A7: submitted_date | B7: Date | C7: Official portal submission timestamp by institution | D7: Conditional | E7: ISO 8601 Date (YYYY-MM-DD); blank for unsubmitted DRAFT | F7: Required if current_stage != DRAFT; must be <= stage_entered_date
A8: stage_entered_date | B8: Date | C8: Date when the application transitioned into its current operational stage | D8: Yes | E8: ISO 8601 Date (YYYY-MM-DD) | F8: Must be >= submitted_date and <= last_updated
A9: due_date | B9: Date | C9: Statutory SLA target completion deadline for current stage | D9: Conditional | E9: ISO 8601 Date (YYYY-MM-DD); blank if no active deadline | F9: Required when stage has active SLA; must be >= stage_entered_date
A10: assigned_role | B10: String | C10: Organizational role currently responsible for actioning the record | D10: Yes | E10: Institution Admin, Intake Officer, Validation Officer, Scrutiny Officer, EVC Coordinator, Committee Secretariat, Competent Authority Secretariat, Records Officer, Appellate Authority | F10: Must match statutory role authorized for the current stage
A11: deficiency_flag | B11: String | C11: Flag indicating active regulatory non-compliance / deficiency notice | D11: Yes | E11: Yes, No | F11: Must be 'Yes' if and only if current_stage is DEFICIENCY_RAISED; otherwise 'No'
A12: last_updated | B12: Date | C12: Timestamp of most recent record update or stage progression | D12: Yes | E12: ISO 8601 Date (YYYY-MM-DD) | F12: Must be >= stage_entered_date and <= reference_date (2026-10-25)
... A25: SYNTHETIC_PARAM_3 | B25: Parameter / Distribution | C25: Simulated deadline condition distribution for UI testing | D25: Calibrated Quota | E25: ON_TRACK (6), UPCOMING (6), OVERDUE (6), DUE_TODAY (1), COMPLETED (3), NO_ACTIVE (3) | F25: Synthetic Demo Parameter: Multi-state distribution engineered to validate dashboard alerting filters across all SLA scenarios.

Sheet Balance_Summary
B1: EXECUTIVE BALANCE SUMMARY & WORKFLOW KPI DASHBOARD
B2: Total Applications | C2: In Progress | D2: Action Required | E2: Completed | F2: Formally Rejected | G2: Overdue Alerts
B3: =COUNTA(Applications!A2:A26) -> 25 | C3: =COUNTIF(Applications!E2:E26, "IN_PROGRESS") -> 15 | D3: =COUNTIF(Applications!E2:E26, "ACTION_REQUIRED") -> 4 | E3: =COUNTIF(Applications!E2:E26, "COMPLETED") -> 3 | F3: =COUNTIF(Applications!E2:E26, "REJECTED") -> 2 | G3: =COUNTIF(Applications!M2:M26, "OVERDUE") -> 6
B4: Target: 25 Records | C4: Active Pipeline Stages | D4: Deficiency Pending | E4: Approvals Issued | F4: Appellate Window | G4: Urgent SLA Alerts
B6: Workflow Stage | C6: Record Count | E6: Application Status | F6: Count | G6: Share % | I6: Application Type | J6: Count | K6: Share % | M6: Institution ID | N6: Applications | O6: Coverage Status
B7: DRAFT | C7: =COUNTIF(Applications!$D$2:$D$26, B7) -> 1 | E7: DRAFT | F7: =COUNTIF(Applications!$E$2:$E$26, E7) -> 1 | G7: =F7/$C$20 -> 0.04 | I7: Extension of Approval | J7: =COUNTIF(Applications!$C$2:$C$26, I7) -> 10 | K7: =J7/$C$20 -> 0.4 | M7: INST001 | N7: =COUNTIF(Applications!$B$2:$B$26, M7) -> 2 | O7: =IF(N7>0,"Covered","Missing") -> Covered
B8: SUBMITTED | C8: =COUNTIF(Applications!$D$2:$D$26, B8) -> 1 | E8: IN_PROGRESS | F8: =COUNTIF(Applications!$E$2:$E$26, E8) -> 15 | G8: =F8/$C$20 -> 0.6 | I8: New Programme | J8: =COUNTIF(Applications!$C$2:$C$26, I8) -> 9 | K8: =J8/$C$20 -> 0.36 | M8: INST002 | N8: =COUNTIF(Applications!$B$2:$B$26, M8) -> 2 | O8: =IF(N8>0,"Covered","Missing") -> Covered
B9: INITIAL_VALIDATION | C9: =COUNTIF(Applications!$D$2:$D$26, B9) -> 1 | E9: ACTION_REQUIRED | F9: =COUNTIF(Applications!$E$2:$E$26, E9) -> 4 | G9: =F9/$C$20 -> 0.16 | I9: Increase in Intake | J9: =COUNTIF(Applications!$C$2:$C$26, I9) -> 6 | K9: =J9/$C$20 -> 0.24 | M9: INST003 | N9: =COUNTIF(Applications!$B$2:$B$26, M9) -> 2 | O9: =IF(N9>0,"Covered","Missing") -> Covered
B10: INITIAL_SCRUTINY | C10: =COUNTIF(Applications!$D$2:$D$26, B10) -> 2 | E10: COMPLETED | F10: =COUNTIF(Applications!$E$2:$E$26, E10) -> 3 | G10: =F10/$C$20 -> 0.12 | I10: Total Type Records | J10: =SUM(J7:J9) -> 25 | K10: =SUM(K7:K9) -> 1 | M10: INST004 | N10: =COUNTIF(Applications!$B$2:$B$26, M10) -> 2 | O10: =IF(N10>0,"Covered","Missing") -> Covered
B11: DEFICIENCY_RAISED | C11: =COUNTIF(Applications!$D$2:$D$26, B11) -> 4 | E11: REJECTED | F11: =COUNTIF(Applications!$E$2:$E$26, E11) -> 2 | G11: =F11/$C$20 -> 0.08 | M11: INST005 | N11: =COUNTIF(Applications!$B$2:$B$26, M11) -> 2 | O11: =IF(N11>0,"Covered","Missing") -> Covered
B12: RE_SCRUTINY | C12: =COUNTIF(Applications!$D$2:$D$26, B12) -> 3 | E12: Total Status Records | F12: =SUM(F7:F11) -> 25 | G12: =SUM(G7:G11) -> 1 | M12: INST006 | N12: =COUNTIF(Applications!$B$2:$B$26, M12) -> 2 | O12: =IF(N12>0,"Covered","Missing") -> Covered
B13: EVC_PENDING | C13: =COUNTIF(Applications!$D$2:$D$26, B13) -> 1 | I13: Status vs Deficiency | J13: Deficiency = Yes | K13: Deficiency = No | M13: INST007 | N13: =COUNTIF(Applications!$B$2:$B$26, M13) -> 2 | O13: =IF(N13>0,"Covered","Missing") -> Covered
B14: EVC_SCHEDULED | C14: =COUNTIF(Applications!$D$2:$D$26, B14) -> 2 | E14: Deadline Condition | F14: Count | G14: Share % | I14: ACTION_REQUIRED | J14: =COUNTIFS(Applications!$E$2:$E$26, I14, Applications!$J$2:$J$26, "Yes") -> 4 | K14: =COUNTIFS(Applications!$E$2:$E$26, I14, Applications!$J$2:$J$26, "No") -> 0 | M14: INST008 | N14: =COUNTIF(Applications!$B$2:$B$26, M14) -> 2 | O14: =IF(N14>0,"Covered","Missing") -> Covered
B15: EVC_COMPLETED | C15: =COUNTIF(Applications!$D$2:$D$26, B15) -> 1 | E15: ON_TRACK | F15: =COUNTIF(Applications!$M$2:$M$26, E15) -> 6 | G15: =F15/$C$20 -> 0.24 | I15: IN_PROGRESS | J15: =COUNTIFS(Applications!$E$2:$E$26, I15, Applications!$J$2:$J$26, "Yes") -> 0 | K15: =COUNTIFS(Applications!$E$2:$E$26, I15, Applications!$J$2:$J$26, "No") -> 15 | M15: INST009 | N15: =COUNTIF(Applications!$B$2:$B$26, M15) -> 2 | O15: =IF(N15>0,"Covered","Missing") -> Covered
B16: COMMITTEE_REVIEW | C16: =COUNTIF(Applications!$D$2:$D$26, B16) -> 2 | E16: UPCOMING | F16: =COUNTIF(Applications!$M$2:$M$26, E16) -> 6 | G16: =F16/$C$20 -> 0.24 | I16: COMPLETED | J16: =COUNTIFS(Applications!$E$2:$E$26, I16, Applications!$J$2:$J$26, "Yes") -> 0 | K16: =COUNTIFS(Applications!$E$2:$E$26, I16, Applications!$J$2:$J$26, "No") -> 3 | M16: INST010 | N16: =COUNTIF(Applications!$B$2:$B$26, M16) -> 1 | O16: =IF(N16>0,"Covered","Missing") -> Covered
B17: DECISION_PENDING | C17: =COUNTIF(Applications!$D$2:$D$26, B17) -> 2 | E17: DUE_TODAY | F17: =COUNTIF(Applications!$M$2:$M$26, E17) -> 1 | G17: =F17/$C$20 -> 0.04 | I17: REJECTED | J17: =COUNTIFS(Applications!$E$2:$E$26, I17, Applications!$J$2:$J$26, "Yes") -> 0 | K17: =COUNTIFS(Applications!$E$2:$E$26, I17, Applications!$J$2:$J$26, "No") -> 2 | M17: INST011 | N17: =COUNTIF(Applications!$B$2:$B$26, M17) -> 1 | O17: =IF(N17>0,"Covered","Missing") -> Covered
B18: COMPLETED | C18: =COUNTIF(Applications!$D$2:$D$26, B18) -> 3 | E18: OVERDUE | F18: =COUNTIF(Applications!$M$2:$M$26, E18) -> 6 | G18: =F18/$C$20 -> 0.24 | I18: DRAFT | J18: =COUNTIFS(Applications!$E$2:$E$26, I18, Applications!$J$2:$J$26, "Yes") -> 0 | K18: =COUNTIFS(Applications!$E$2:$E$26, I18, Applications!$J$2:$J$26, "No") -> 1 | M18: INST012 | N18: =COUNTIF(Applications!$B$2:$B$26, M18) -> 1 | O18: =IF(N18>0,"Covered","Missing") -> Covered
B19: REJECTED | C19: =COUNTIF(Applications!$D$2:$D$26, B19) -> 2 | E19: COMPLETED | F19: =COUNTIF(Applications!$M$2:$M$26, E19) -> 3 | G19: =F19/$C$20 -> 0.12 | I19: Total Cross-Tab | J19: =SUM(J14:J18) -> 4 | K19: =SUM(K14:K18) -> 21 | M19: INST013 | N19: =COUNTIF(Applications!$B$2:$B$26, M19) -> 1 | O19: =IF(N19>0,"Covered","Missing") -> Covered
B20: Total Stage Records | C20: =SUM(C7:C19) -> 25 | E20: NO_ACTIVE_DEADLINE | F20: =COUNTIF(Applications!$M$2:$M$26, E20) -> 3 | G20: =F20/$C$20 -> 0.12 | M20: INST014 | N20: =COUNTIF(Applications!$B$2:$B$26, M20) -> 1 | O20: =IF(N20>0,"Covered","Missing") -> Covered
E21: Total Deadline Records | F21: =SUM(F15:F20) -> 25 | G21: =SUM(G15:G20) -> 1 | M21: INST015 | N21: =COUNTIF(Applications!$B$2:$B$26, M21) -> 2 | O21: =IF(N21>0,"Covered","Missing") -> Covered
M22: Total All Inst. | N22: =SUM(N7:N21) -> 25 | O22: =COUNTIF(O7:O21, "Covered") & "/15 Covered" -> 15/15 Covered

Sheet Validation_Report
A1: SYNTHETIC APPLICATIONS DATASET INTEGRITY & AUDIT REPORT
A2: Audit ID | B2: Integrity Check Description | C2: Discrepancies Found | D2: Validation Status | E2: Audit Logic & Verification Formula
A3: CHK001 | B3: Missing or Blank Application IDs | C3: =COUNTBLANK(Applications!A2:A26) -> 0 | D3: =IF(C3=0, "PASS", "FAIL") -> PASS | E3: Checks that all 25 application records maintain populated primary keys.
A4: CHK002 | B4: Duplicate Application IDs | C4: {=25 - COUNTA(UNIQUE(Applications!A2:A26))} -> 0 | D4: =IF(C4=0, "PASS", "FAIL") -> PASS | E4: Verifies uniqueness: ensures exactly 25 distinct application records.
A5: CHK003 | B5: Invalid Institution References (Foreign Key) | C5: =COUNTIF(Applications!B2:B26, "<>INST0*") + COUNTBLANK(Applications!B2:B26) -> 0 | D5: =IF(C5=0, "PASS", "FAIL") -> PASS | E5: Confirms all foreign keys strictly conform to INST001–INST015 without blanks.
A6: CHK004 | B6: Unsupported Application Type Categories | C6: =25 - (COUNTIF(Applications!C2:C26, "Extension of Approval") + COUNTIF(Applications!C2:C26, "New Programme") + COUNTIF(Applications!C2:C26, "Increase in Intake")) -> 0 | D6: =IF(C6=0, "PASS", "FAIL") -> PASS | E6: Enforces that every record matches one of the 3 statutory approval types.
A7: CHK005 | B7: Unauthorized Workflow Stage Values | C7: =25 - (COUNTIF(Applications!D2:D26, "DRAFT") + COUNTIF(Applications!D2:D26, "SUBMITTED") + COUNTIF(Applications!D2:D26, "INITIAL_VALIDATION") + COUNTIF(Applications!D2:D26, "INITIAL_SCRUTINY") + COUNTIF(Applications!D2:D26, "DEFICIENCY_RAISED") + COUNTIF(Applications!D2:D26, "RE_SCRUTINY") + COUNTIF(Applications!D2:D26, "EVC_PENDING") + COUNTIF(Applications!D2:D26, "EVC_SCHEDULED") + COUNTIF(Applications!D2:D26, "EVC_COMPLETED") + COUNTIF(Applications!D2:D26, "COMMITTEE_REVIEW") + COUNTIF(Applications!D2:D26, "DECISION_PENDING") + COUNTIF(Applications!D2:D26, "COMPLETED") + COUNTIF(Applications!D2:D26, "REJECTED")) -> 0 | D7: =IF(C7=0, "PASS", "FAIL") -> PASS | E7: Validates that all stages belong to the 13 authorized lifecycle stages.
A8: CHK006 | B8: Unsupported Application Status Values | C8: =25 - (COUNTIF(Applications!E2:E26, "DRAFT") + COUNTIF(Applications!E2:E26, "IN_PROGRESS") + COUNTIF(Applications!E2:E26, "ACTION_REQUIRED") + COUNTIF(Applications!E2:E26, "COMPLETED") + COUNTIF(Applications!E2:E26, "REJECTED")) -> 0 | D8: =IF(C8=0, "PASS", "FAIL") -> PASS | E8: Ensures status values conform strictly to permitted operational taxonomy.
A9: CHK007 | B9: Stage and Status Mapping Inconsistency | C9: =COUNTIFS(Applications!D2:D26, "DRAFT", Applications!E2:E26, "<>DRAFT") + COUNTIFS(Applications!D2:D26, "DEFICIENCY_RAISED", Applications!E2:E26, "<>ACTION_REQUIRED") + COUNTIFS(Applications!D2:D26, "COMPLETED", Applications!E2:E26, "<>COMPLETED") + COUNTIFS(Applications!D2:D26, "REJECTED", Applications!E2:E26, "<>REJECTED") -> 0 | D9: =IF(C9=0, "PASS", "FAIL") -> PASS | E9: Guarantees terminal, draft, and deficiency stages strictly mirror expected status.
A10: CHK008 | B10: Deficiency Flag Mismatch with Stage | C10: =COUNTIFS(Applications!D2:D26, "DEFICIENCY_RAISED", Applications!J2:J26, "<>Yes") + COUNTIFS(Applications!D2:D26, "<>DEFICIENCY_RAISED", Applications!J2:J26, "Yes") -> 0 | D10: =IF(C10=0, "PASS", "FAIL") -> PASS | E10: Guarantees bi-directional consistency between deficiency stage and flag.
A11: CHK009 | B11: Date Chronology Inversion (Stage Entered < Submitted) | C11: =SUMPRODUCT((Applications!G2:G26 < Applications!F2:F26) * (Applications!F2:F26 <> "")) -> 0 | D11: =IF(C11=0, "PASS", "FAIL") -> PASS | E11: Enforces that stage entered date cannot precede formal submission date.
A12: CHK010 | B12: Inverted Update Timestamp (Last Updated < Stage Entered) | C12: =SUMPRODUCT((Applications!K2:K26 < Applications!G2:G26) * (Applications!K2:K26 <> "")) -> 0 | D12: =IF(C12=0, "PASS", "FAIL") -> PASS | E12: Confirms last updated date is on or after the stage entered date.
A13: CHK011 | B13: Future Last Updated Dates (> Reference Date 2026-10-25) | C13: =COUNTIF(Applications!K2:K26, ">2026-10-25") -> 0 | D13: =IF(C13=0, "PASS", "FAIL") -> PASS | E13: Confirms no timestamp exceeds benchmark reference date 2026-10-25.
A14: CHK012 | B14: Overdue Deadline Classification Consistency | C14: =COUNTIFS(Applications!M2:M26, "OVERDUE", Applications!H2:H26, ">=2026-10-25") + COUNTIFS(Applications!M2:M26, "OVERDUE", Applications!H2:H26, "") -> 0 | D14: =IF(C14=0, "PASS", "FAIL") -> PASS | E14: Verifies that OVERDUE records have SLA target dates strictly prior to reference date.
A15: CHK013 | B15: Non-Active Deadline State Consistency | C15: =COUNTIFS(Applications!D2:D26, "COMPLETED", Applications!M2:M26, "<>COMPLETED") + COUNTIFS(Applications!D2:D26, "REJECTED", Applications!M2:M26, "<>NO_ACTIVE_DEADLINE") + COUNTIFS(Applications!D2:D26, "DRAFT", Applications!M2:M26, "<>NO_ACTIVE_DEADLINE") -> 0 | D15: =IF(C15=0, "PASS", "FAIL") -> PASS | E15: Ensures DRAFT, COMPLETED, and REJECTED maintain correct deadline classifications.
A16: CHK014 | B16: Synthetic Provenance Tagging & Anchor Date Integrity | C16: =COUNTIF(Applications!L2:L26, "<>SYNTHETIC_DEMO") + COUNTIF(Applications!N2:N26, "<>2026-10-25") -> 0 | D16: =IF(C16=0, "PASS", "FAIL") -> PASS | E16: Confirms 100% of records are marked SYNTHETIC_DEMO anchored to 2026-10-25.
A17: OVERALL | B17: Total Dataset Discrepancies & Compliance Audit | C17: =SUM(C3:C16) -> 0 | D17: =IF(C17=0, "PASS", "FAIL") -> PASS | E17: Aggregate verification formula proving full dataset integrity compliance across all 14 audits.
A19: Audit Standard: | B19: AICTE / Regulatory Synthetic Benchmark v2.0
A20: Evaluation Date: | B20: 2026-10-25 (Fixed Reference Date)
A21: Audit Conclusion: | B21: 100% Verified Compliant: 0 discrepancies across 25 records and 15 institutions.
