Workbook

Sheet Documents
A1: document_id | B1: application_id | C1: institution_id | D1: document_type | E1: document_description | F1: source_reference | G1: is_verified_requirement | H1: is_demo_rule | I1: issue_date | J1: expiry_date | K1: submitted_date | L1: document_version | M1: previous_version_document_id | N1: document_status | O1: verification_status | P1: reviewed_by | Q1: reviewed_date | R1: renewal_required | S1: renewal_due_date | T1: storage_reference | U1: last_updated | V1: demo_notes
A2: DOC-2026-0001 | B2: APP001 | C2: INST001 | D2: Land Lease Deed | E2: 30-year registered land lease deed for main campus parcel | F2: AICTE Approval Process Handbook (APH 2024-27), Chapter I, Section 1.3 | G2: TRUE | H2: FALSE | I2: 35292 | J2: 46248 | K2: 46280 | L2: 1 | M2: - | N2: SUPERSEDED | O2: SUPERSEDED | P2: ROLE_SCRUTINY_MEMBER | Q2: 46287 | R2: TRUE | S2: 46248 | T2: s3://aicte-vault-prod/institutions/INST001/lease_deed_1996_v1.pdf | U2: 46305 | V2: Original 30-year lease expired August 2026; superseded by renewed 30-year lease agreement (DOC-2026-0002).
A3: DOC-2026-0002 | B3: APP001 | C3: INST001 | D3: Land Lease Deed | E3: Registered renewal deed extending institutional land lease for 30 years | F3: AICTE Approval Process Handbook (APH 2024-27), Chapter I, Section 1.3 | G3: TRUE | H3: FALSE | I3: 46244 | J3: 57201 | K3: 46303 | L3: 2 | M3: DOC-2026-0001 | N3: VALID | O3: VERIFIED | P3: ROLE_SCRUTINY_MEMBER | Q3: 46307 | R3: FALSE | S3: 57201 | T3: s3://aicte-vault-prod/institutions/INST001/lease_deed_2026_v2.pdf | U3: 46309 | V3: Renewal registered prior to EVC inspection; verified by Scrutiny Committee.
A4: DOC-2026-0003 | B4: APP001 | C4: INST001 | D4: Building Plan Approval | E4: Town planning authority sanctioned building layout plan | F4: AICTE Approval Process Handbook (APH 2024-27), Appendix 4 | G4: TRUE | H4: FALSE | I4: 44265 | J4: 47916 | K4: 46280 | L4: 1 | M4: - | N4: VALID | O4: VERIFIED | P4: ROLE_SCRUTINY_MEMBER | Q4: 46287 | R4: FALSE | S4: 47916 | T4: s3://aicte-vault-prod/institutions/INST001/building_plan_v1.pdf | U4: 46287 | V4: 10-year municipal plan approval; active and compliant for new institution route.
A5: DOC-2026-0004 | B5: APP002 | C5: INST002 | D5: Fire Safety Certificate | E5: State Fire Services department annual safety inspection NOC | F5: AICTE Approval Process Handbook (APH 2024-27), Appendix 4 | G5: TRUE | H5: FALSE | I5: 45931 | J5: 46295 | K5: 46285 | L5: 1 | M5: - | N5: EXPIRED | O5: DEFICIENCY_FLAGGED | P5: ROLE_SCRUTINY_MEMBER | Q5: 46313 | R5: TRUE | S5: 46295 | T5: s3://aicte-vault-prod/institutions/INST002/fire_noc_2025_v1.pdf | U5: 46313 | V5: Expired certificate flagged during scrutiny; deficiency notice issued with 10-day upload window.
A6: DOC-2026-0005 | B6: APP002 | C6: INST002 | D6: Fire Safety Certificate | E6: Renewed provisional fire department compliance acknowledgment receipt | F6: AICTE Approval Process Handbook (APH 2024-27), Appendix 4 | G6: TRUE | H6: FALSE | I6: 46315 | J6: 46679 | K6: 46317 | L6: 2 | M6: DOC-2026-0004 | N6: UNDER_REVIEW | O6: PENDING_VERIFICATION | P6: ROLE_SCRUTINY_MEMBER | Q6: - | R6: FALSE | S6: 46679 | T6: s3://aicte-vault-prod/institutions/INST002/fire_noc_2026_provisional_v2.pdf | U6: 46317 | V6: Uploaded under deficiency compliance window; awaiting re-scrutiny verification.
A7: DOC-2026-0006 | B7: APP006 | C7: INST006 | D7: Structural Stability Certificate | E7: PWD empanelled structural engineer certification for new building | F7: AICTE Approval Process Handbook (APH 2024-27), Appendix 4 | G7: TRUE | H7: FALSE | I7: 45148 | J7: 46243 | K7: 46262 | L7: 1 | M7: - | N7: REJECTED | O7: REJECTED_FOR_CORRECTION | P7: ROLE_SCRUTINY_MEMBER | Q7: 46275 | R7: TRUE | S7: 46243 | T7: s3://aicte-vault-prod/institutions/INST006/structural_cert_2023_v1.pdf | U7: 46277 | V7: Rejected due to missing seal from certified government authority; required re-inspection.
A8: DOC-2026-0007 | B8: APP006 | C8: INST006 | D8: Structural Stability Certificate | E8: Recertified structural stability report bearing Government Chief Engineer endorsement | F8: AICTE Approval Process Handbook (APH 2024-27), Appendix 4 | G8: TRUE | H8: FALSE | I8: 46290 | J8: 47385 | K8: 46297 | L8: 2 | M8: DOC-2026-0006 | N8: VALID | O8: VERIFIED | P8: ROLE_SAC_CHAIR | Q8: 46307 | R8: FALSE | S8: 47385 | T8: s3://aicte-vault-prod/institutions/INST006/structural_cert_2026_endorsed_v2.pdf | U8: 46307 | V8: Resubmitted with official endorsement and reviewed during Standing Appellate Committee hearing.
A9: DOC-2026-0008 | B9: APP004 | C9: INST004 | D9: Environmental Clearance NOC | E9: State Pollution Control Board consent to operate and environmental NOC | F9: AICTE Approval Process Handbook (APH 2024-27), Chapter II, Section 2.5 | G9: TRUE | H9: FALSE | I9: 45250 | J9: 46345 | K9: 46305 | L9: 1 | M9: - | N9: EXPIRING_SOON | O9: VERIFIED | P9: ROLE_SCRUTINY_MEMBER | Q9: 46310 | R9: TRUE | S9: 46345 | T9: s3://aicte-vault-prod/institutions/INST004/environmental_noc_v1.pdf | U9: 46310 | V9: Expires in 25 days relative to reference date (2026-10-25); automated renewal notice triggered.
A10: DOC-2026-0009 | B10: APP008 | C10: INST008 | D10: Cloud LMS Server SLA & Bandwidth Undertaking | E10: Minimum 1 Gbps dedicated server guarantee certificate for ODL/OL delivery | F10: UNVERIFIED — DEMO CONFIGURATION | G10: FALSE | H10: TRUE | I10: 46280 | J10: 46644 | K10: 46296 | L10: 1 | M10: - | N10: VALID | O10: VERIFIED | P10: ROLE_APPROVAL_BUREAU | Q10: 46317 | R10: FALSE | S10: 46644 | T10: s3://aicte-vault-prod/institutions/INST008/lms_bandwidth_sla_v1.pdf | U10: 46317 | V10: Illustrative requirement for SIH ODL/OL bandwidth prototype; flagged as demo rule.
A11: DOC-2026-0010 | B11: APP005 | C11: INST005 | D11: NAAC Accreditation Certificate | E11: National Assessment and Accreditation Council Grade A+ certificate | F11: AICTE Approval Process Handbook (APH 2024-27), Chapter II, Section 2.8 | G11: TRUE | H11: FALSE | I11: 44530 | J11: 46355 | K11: 46290 | L11: 1 | M11: - | N11: EXPIRING_SOON | O11: VERIFIED | P11: ROLE_EXECUTIVE_COMMITTEE | Q11: 46315 | R11: TRUE | S11: 46355 | T11: s3://aicte-vault-prod/institutions/INST005/naac_cert_v1.pdf | U11: 46315 | V11: Multi-year EoA evaluated under active NAAC status; automated alert issued for renewal cycle.
A12: DOC-2026-0011 | B12: APP014 | C12: INST014 | D12: Institutional Land Use Conversion Order | E12: Tehsildar/District Collector Non-Agricultural (NA) land conversion order | F12: AICTE Approval Process Handbook (APH 2024-27), Chapter I, Section 1.4 | G12: TRUE | H12: FALSE | I12: 42536 | J12: 46187 | K12: 46254 | L12: 1 | M12: - | N12: EXPIRED | O12: DEFICIENCY_FLAGGED | P12: ROLE_APPROVAL_BUREAU | Q12: 46300 | R12: TRUE | S12: 46187 | T12: s3://aicte-vault-prod/institutions/INST014/land_conversion_order_v1.pdf | U12: 46300 | V12: Land conversion validity elapsed prior to submission; deficiency notice issued to upload valid renewal order within compliance window rather than automatic application rejection.
A13: DOC-2026-0012 | B13: APP009 | C13: INST009 | D13: Industry Collaboration MoU | E13: Bilateral MoU with manufacturing cluster for evening practical training sessions | F13: UNVERIFIED — DEMO CONFIGURATION | G13: FALSE | H13: TRUE | I13: 46266 | J13: 47361 | K13: 46318 | L13: 1 | M13: - | N13: SUBMITTED | O13: PENDING_VERIFICATION | P13: ROLE_RO_CASE_WORKER | Q13: - | R13: FALSE | S13: 47361 | T13: s3://aicte-vault-prod/institutions/INST009/industry_cluster_mou_v1.pdf | U13: 46318 | V13: Freshly submitted under working professional route; desk officer review queued.
A14: DOC-2026-0013 | B14: APP013 | C14: INST013 | D14: Trust Registration Certificate & Bye-Laws | E14: Public Charitable Trust registration certificate issued by Charity Commissioner | F14: AICTE Approval Process Handbook (APH 2024-27), Appendix 3 | G14: TRUE | H14: FALSE | I14: 41017 | J14: - | K14: 46249 | L14: 1 | M14: - | N14: VALID | O14: VERIFIED | P14: ROLE_EXECUTIVE_COMMITTEE | Q14: 46295 | R14: FALSE | S14: - | T14: s3://aicte-vault-prod/institutions/INST013/trust_reg_deed_v1.pdf | U14: 46295 | V14: Perpetual registration deed; cleared for full Letter of Approval (LoA).
A15: DOC-2026-0014 | B15: APP025 | C15: INST015 | D15: University Affiliation NOC | E15: State affiliating university provisional affiliation NOC for new institution | F15: AICTE Approval Process Handbook (APH 2024-27), Chapter I, Section 1.5 | G15: TRUE | H15: FALSE | I15: 46204 | J15: 46568 | K15: 46259 | L15: 1 | M15: - | N15: VALID | O15: VERIFIED | P15: ROLE_EXECUTIVE_COMMITTEE | Q15: 46314 | R15: TRUE | S15: 46568 | T15: s3://aicte-vault-prod/institutions/INST015/university_noc_ay2627_v1.pdf | U15: 46314 | V15: Annual provisional affiliation NOC verified by Scrutiny Committee. Harmonized from alternate ID to master APP025 / INST015 (203-RAMESHWARAM INSTITUTE) per Dataset 2 pairing; scheduled for annual renewal prior to AY 2027-28.

Sheet Data_Dictionary
A1: Field Name | B1: Data Type | C1: Description | D1: Allowed Values / Constraints | E1: Sample Value
A2: document_id | B2: String (Alphanumeric) | C2: Unique synthetic identifier for the document record in the compliance vault. | D2: Format: DOC-YYYY-NNNN. Non-null, unique primary key. | E2: DOC-2026-0001
A3: application_id | B3: String (Alphanumeric) | C3: Application identifier associated with this document submission. | D3: Foreign key referencing master Application_ID (APP001–APP025 from Dataset 2). Non-null. | E3: APP001
A4: institution_id | B4: String (Alphanumeric) | C4: Master institution identifier for the owning educational institution. | D4: Foreign key referencing master Institution_ID (INST001–INST015 from Dataset 1). Non-null. | E4: INST001
A5: document_type | B5: String | C5: Category / title of statutory or compliance document uploaded by the applicant. | D5: Land Lease Deed, Building Plan Approval, Fire Safety Certificate, Structural Stability Certificate, etc. | E5: Land Lease Deed
A6: document_description | B6: String | C6: Detailed description of the specific instrument, scope, and certifying authority. | D6: Free descriptive text up to 500 characters. | E6: 30-year registered land lease deed for main campus parcel
A7: source_reference | B7: String | C7: Regulatory mandate clause from AICTE Approval Process Handbook (APH 2024-27) or demo indicator. | D7: Official citation (e.g. APH Chapter/Appendix) OR 'UNVERIFIED — DEMO CONFIGURATION'. | E7: AICTE Approval Process Handbook (APH 2024-27), Chapter I, Section 1.3
A8: is_verified_requirement | B8: Boolean | C8: Flag indicating whether the document requirement is formally verified against the statutory AICTE APH handbook. | D8: TRUE, FALSE. Must be FALSE if source_reference is unverified. | E8: TRUE
A9: is_demo_rule | B9: Boolean | C9: Flag indicating whether the rule/document requirement was created specifically for prototype demonstration purposes. | D9: TRUE, FALSE. Must be TRUE if is_verified_requirement is FALSE. | E9: FALSE
A10: issue_date | B10: Date (ISO 8601) | C10: Date on which the legal instrument or certificate was officially issued by certifying authority. | D10: YYYY-MM-DD. Must be prior to or equal to submitted_date. | E10: 46244
A11: expiry_date | B11: Date (ISO 8601) / String | C11: Official expiration date of document validity. Used for automated reminder and tracking triggers. | D11: YYYY-MM-DD or '-' for perpetual/non-expiring instruments. | E11: 57201
A12: submitted_date | B12: Date (ISO 8601) | C12: Date the document was uploaded and submitted by the institution via the AICTE approval portal. | D12: YYYY-MM-DD. Must be within the active application submission / deficiency window. | E12: 46303
A13: document_version | B13: Decimal / Numeric | C13: Sequential version of the document submitted for the given requirement and application. | D13: 1, 2, 3, etc. Increments on replacement or resubmission. | E13: 2
A14: previous_version_document_id | B14: String (Alphanumeric) | C14: Pointer to the prior version document_id that this record supersedes or rectifies. | D14: Valid document_id (e.g. DOC-2026-0001) or '-' if initial version (v1). | E14: DOC-2026-0001
A15: document_status | B15: String (Enum) | C15: Current operational lifecycle status of the document relative to the fixed reference date (2026-10-25). | D15: VALID, EXPIRING_SOON, EXPIRED, UNDER_REVIEW, SUBMITTED, REJECTED, SUPERSEDED. | E15: VALID
A16: verification_status | B16: String (Enum) | C16: Official administrative compliance determination by AICTE scrutiny committee or competent authority. | D16: VERIFIED, PENDING_VERIFICATION, DEFICIENCY_FLAGGED, REJECTED_FOR_CORRECTION, SUPERSEDED. | E16: VERIFIED
A17: reviewed_by | B17: String (Enum) | C17: System RBAC role responsible for reviewing and verifying the document upload. | D17: Foreign key referencing Role_Permissions.Role_Code (e.g. ROLE_SCRUTINY_MEMBER, ROLE_SAC_CHAIR). | E17: ROLE_SCRUTINY_MEMBER
A18: reviewed_date | B18: Date (ISO 8601) / String | C18: Date when the reviewing role recorded the verification decision or deficiency memo. | D18: YYYY-MM-DD or '-' if review is pending. | E18: 46307
A19: renewal_required | B19: Boolean | C19: Indicates whether document expiration mandates an active renewal workflow to maintain approval validity. | D19: TRUE, FALSE. Tracked workflow condition; does not trigger automatic rejection. | E19: FALSE
A20: renewal_due_date | B20: Date (ISO 8601) / String | C20: Target deadline by which a renewed document or provisional acknowledgment must be submitted. | D20: YYYY-MM-DD or '-' if no renewal required. | E20: 57201
A21: storage_reference | B21: URI / String | C21: Fictional secure cloud storage location URI for the digital PDF file in compliance repository. | D21: URI format: s3://aicte-vault-prod/institutions/{institution_id}/{filename}.pdf | E21: s3://aicte-vault-prod/institutions/INST001/lease_deed_2026_v2.pdf
A22: last_updated | B22: Date (ISO 8601) | C22: Timestamp of the most recent system transaction, verification status update, or record sync. | D22: YYYY-MM-DD. Must be <= reference_date (2026-10-25). | E22: 46309
A23: demo_notes | B23: String | C23: Explanatory notes detailing simulated regulatory scenarios, compliance windows, and audit remarks. | D23: Descriptive text string explaining simulated workflow context. | E23: Renewal registered prior to EVC inspection; verified by Scrutiny Committee.

Sheet Read_Me
A1: Topic | B1: Specification | C1: Operational Guidance & Implementation Notes
A2: Dataset Title | B2: Dataset_6_Synthetic_Document_Validity_and_Renewal.xlsx | C2: Primary synthetic dataset supporting SIH26262 prototype compliance vault and document expiration monitoring.
A3: Prototype Context | B3: SIH26262 Integrated AICTE Approval Workflow Automation | C3: Demonstrates document lifecycle management, automated alerts, and RBAC-governed verification gates.
A4: Fixed Reference Date | B4: 46320 | C4: Standardized baseline date used for evaluating document status (Valid, Expiring Soon, Expired) and deadline timers.
A5: Expiry Rule Logic | B5: Tracked condition, NOT automatic penalty | C5: Document expiry triggers renewal notifications and deficiency compliance windows; it does not automatically reject applications or impose penalties.
A6: Expiring Soon Window | B6: Within 30–60 calendar days of reference date | C6: Proactively flags approaching renewals (e.g. DOC-2026-0008 expiring 2026-11-19, DOC-2026-0010 expiring 2026-11-29).
A7: Versioning Principle | B7: Parent-Child lineage via previous_version_document_id | C7: Replaced or rectified documents point to predecessor ID; versions increment sequentially (e.g. 1 -> 2).
A8: Version Chain A | B8: DOC-2026-0001 (v1) -> DOC-2026-0002 (v2) | C8: Land Lease Deed: 30-year lease expired August 2026; renewed for 30 years and verified during scrutiny.
A9: Version Chain B | B9: DOC-2026-0004 (v1) -> DOC-2026-0005 (v2) | C9: Fire Safety NOC: Expired NOC flagged with deficiency memo; replaced by provisional NOC awaiting verification.
A10: Version Chain C | B10: DOC-2026-0006 (v1) -> DOC-2026-0007 (v2) | C10: Structural Stability: v1 rejected due to missing seal; v2 resubmitted with Chief Engineer endorsement and verified at SAC.
A11: Regulatory Source Standard | B11: AICTE Approval Process Handbook (APH 2024-27) | C11: Verified requirements cite explicit handbook chapters/appendices (e.g. Chapter I, Appendix 3 & 4).
A12: Unverified Demo Rules | B12: source_reference = 'UNVERIFIED — DEMO CONFIGURATION' | C12: Illustrative requirements marked with is_verified_requirement=FALSE and is_demo_rule=TRUE to prevent false compliance claims.
A13: RBAC Roles & Verification | B13: Role_Permissions integration | C13: Reviewing stakeholders are mapped to canonical prototype roles (e.g. ROLE_SCRUTINY_MEMBER, ROLE_SAC_CHAIR, ROLE_APPROVAL_BUREAU).
A14: Storage Architecture | B14: Safe Synthetic S3 Cloud Storage URIs | C14: PDF storage locations use structured synthetic URIs (s3://aicte-vault-prod/institutions/{institution_id}/...) ensuring zero exposure of confidential data.
A15: Synthetic Data Disclaimer | B15: 100% Mock Data & Synthetic Records | C15: All document records, dates, and certificate numbers are entirely synthetic and generated exclusively for prototype testing.
A16: Referential Integrity | B16: Dataset 2 (Applications) & Dataset 1 (Institutions) Mapping | C16: All application_id values reference Dataset 2 master (APP001–APP025) and institution_id values reference Dataset 1 master (INST001–INST015); ambiguous links flagged.
... A18: System Maintenance | B18: Last Sync Timestamp: 2026-10-25 | C18: Records generated and synchronized for prototype demonstration baseline.

Sheet Validation_Report
A1: Dataset 6: Document Validity & Compliance Integrity Audit Report
A2: Fixed Reference Baseline Date: 2026-10-25 | Evaluation Standard: AICTE APH 2024-27 | Target Dataset: Documents (N=14)
A4: TOTAL DOCUMENTS | C4: STATUTORY VERIFIED | E4: EXPIRING / EXPIRED | G4: AUDIT PASS RATE
A5: =COUNTA(Documents!A2:A15) -> 14 | C5: =COUNTIF(Documents!G2:G15, TRUE) -> 12 | E5: =COUNTIF(Documents!N2:N15, "EXPIRING_SOON") + COUNTIF(Documents!N2:N15, "EXPIRED") -> 4 | G5: =COUNTIF(C9:C15, "PASSED")/COUNTA(C9:C15) -> 1
A6: 14 Synthetic Records | C6: 12 Handbook / 2 Demo | E6: Proactive Alert Window | G6: 7 of 7 Checks Passed
A7: AUTOMATED 7-DIMENSION DATA INTEGRITY AUDIT MATRIX
A8: Check ID | B8: Integrity Dimension & Quality Rule | C8: Audit Status | D8: Violations | E8: Evaluated Scope | F8: Formula Verification Logic | G8: Audit Finding & Quality Observation
A9: CHK-01 | B9: Primary Key Uniqueness (Duplicate Document IDs) | C9: =IF(D9=0, "PASSED", "FAILED") -> PASSED | D9: =IFERROR(__xludf.DUMMYFUNCTION("COUNTA(Documents!A2:A15)-COUNTUNIQUE(Documents!A2:A15)"),0.0) -> 0 | E9: Documents!A2:A15 | F9: COUNTA - COUNTUNIQUE | G9: All 14 document IDs are unique non-null primary keys (DOC-2026-0001 to DOC-2026-0014).
A10: CHK-02 | B10: Version Lineage Integrity (Broken Predecessor Links) | C10: =IF(D10=0, "PASSED", "FAILED") -> PASSED | D10: =SUMPRODUCT((Documents!M2:M15<>"-")*(ISNA(MATCH(Documents!M2:M15, Documents!A2:A15, 0)))) -> 0 | E10: Documents!M2:M15 | F10: MATCH(previous_version_id, document_id) | G10: All 3 version chains (DOC-0002->0001, DOC-0005->0004, DOC-0007->0006) resolve cleanly.
A11: CHK-03 | B11: Chronological Feasibility (Issue Date <= Submitted Date) | C11: =IF(D11=0, "PASSED", "FAILED") -> PASSED | D11: =SUMPRODUCT((Documents!I2:I15>Documents!K2:K15)*(Documents!I2:I15<>"")) -> 0 | E11: Documents!I2:I15 vs K2:K15 | F11: SUMPRODUCT(issue_date > submitted_date) | G11: All issue dates are chronologically prior or equal to portal submission timestamps.
A12: CHK-04 | B12: Expiry Timeline Consistency (Issue Date < Expiry Date) | C12: =IF(D12=0, "PASSED", "FAILED") -> PASSED | D12: =SUMPRODUCT((Documents!J2:J15<>"-")*(Documents!I2:I15>=Documents!J2:J15)) -> 0 | E12: Documents!I2:I15 vs J2:J15 | F12: SUMPRODUCT(issue_date >= expiry_date) | G12: All expiring instruments extend past issue date; perpetual instruments marked '-'.
A13: CHK-05 | B13: Status Logic Consistency (Superseded & Expiry Alignment) | C13: =IF(D13=0, "PASSED", "FAILED") -> PASSED | D13: =SUMPRODUCT((Documents!N2:N15="SUPERSEDED")*(Documents!O2:O15<>"SUPERSEDED")) + SUMPRODUCT((Documents!N2:N15="VALID")*(Documents!O2:O15="REJECTED_FOR_CORRECTION")) -> 0 | E13: Documents!N2:N15 vs O2:O15 | F13: SUMPRODUCT(conflicting lifecycle states) | G13: Document statuses (VALID, EXPIRING_SOON, EXPIRED, SUPERSEDED) align strictly with scrutiny.
A14: CHK-06 | B14: Foreign Key Reference Integrity (Application & Institute IDs) | C14: =IF(D14=0, "PASSED", "FAILED") -> PASSED | D14: =SUMPRODUCT((LEN(Documents!B2:B15)=0)+(LEN(Documents!C2:C15)=0)) -> 0 | E14: Documents!B2:C15 | F14: SUMPRODUCT(LEN(app_id)=0 + LEN(inst_id)=0) | G14: All 14 records maintain populated, valid Application IDs (APP001–APP025) and Institute IDs (INST001–INST015) harmonized to master datasets.
A15: CHK-07 | B15: Regulatory Citation Compliance (Verified vs Demo Rules) | C15: =IF(D15=0, "PASSED", "FAILED") -> PASSED | D15: =SUMPRODUCT((Documents!G2:G15=FALSE)*(Documents!H2:H15=FALSE)) + SUMPRODUCT((Documents!G2:G15=TRUE)*(Documents!H2:H15=TRUE)) -> 0 | E15: Documents!G2:H15 | F15: SUMPRODUCT(conflicting boolean flags) | G15: Official AICTE APH citations strictly bifurcated from demo rules (12 verified, 2 demo rules).
A16: Total | B16: Overall 7-Dimension Data Integrity Audit Summary | C16: =IF(COUNTIF(C9:C15, "FAILED")=0, "100% COMPLIANT", "DEFICIENT") -> 100% COMPLIANT | D16: =SUM(D9:D15) -> 0 | E16: 14 Documents Audited | F16: SUM(Violations CHK-01:CHK-07) | G16: All 7 data integrity dimensions fully verified with 0 defects detected.
A18: DOCUMENT LIFECYCLE & REGULATORY STATUS BREAKDOWN
A19: Lifecycle Status | B19: Record Count | C19: Portfolio Share | D19: Verification Determinations | E19: Operational Follow-Up Action | F19: Associated Version Lineages | G19: Regulatory Governance Norm
A20: VALID | B20: =COUNTIF(Documents!N2:N15, "VALID") -> 6 | C20: =B20/COUNTA(Documents!A2:A15) -> 0.42857143 | D20: VERIFIED | E20: Standard monitoring; eligible for approval clearance | F20: DOC-0002 (v2), DOC-0003, DOC-0007 (v2), DOC-0009, DOC-0013, DOC-0014 | G20: Compliant with AICTE APH 2024-27 norms
A21: EXPIRING_SOON | B21: =COUNTIF(Documents!N2:N15, "EXPIRING_SOON") -> 2 | C21: =B21/COUNTA(Documents!A2:A15) -> 0.14285714 | D21: VERIFIED | E21: Automated renewal notification triggered (<60 days remaining) | F21: DOC-0008 (Pollution NOC), DOC-0010 (NAAC Cert) | G21: Proactive tracking prevents compliance lapse
A22: EXPIRED | B22: =COUNTIF(Documents!N2:N15, "EXPIRED") -> 2 | C22: =B22/COUNTA(Documents!A2:A15) -> 0.14285714 | D22: DEFICIENCY_FLAGGED | E22: Deficiency compliance window opened; upload renewal within 10 days | F22: DOC-0004 (Fire NOC v1), DOC-0011 (Land Use v1) | G22: Tracked condition; does not trigger automatic withdrawal or application rejection
A23: UNDER_REVIEW | B23: =COUNTIF(Documents!N2:N15, "UNDER_REVIEW") -> 1 | C23: =B23/COUNTA(Documents!A2:A15) -> 0.071428571 | D23: PENDING_VERIFICATION | E23: Queued for Scrutiny Committee re-verification | F23: DOC-0005 (Fire NOC v2 replacing DOC-0004) | G23: Deficiency compliance window review
A24: SUBMITTED | B24: =COUNTIF(Documents!N2:N15, "SUBMITTED") -> 1 | C24: =B24/COUNTA(Documents!A2:A15) -> 0.071428571 | D24: PENDING_VERIFICATION | E24: Queued for RO Case Worker desk evaluation | F24: DOC-0012 (Working Professional MoU v1) | G24: Initial intake verification pending
A25: REJECTED | B25: =COUNTIF(Documents!N2:N15, "REJECTED") -> 1 | C25: =B25/COUNTA(Documents!A2:A15) -> 0.071428571 | D25: REJECTED_FOR_CORRECTION | E25: Deficiency memo issued; requires resubmission with official seal | F25: DOC-0006 (Structural cert v1, rectified by DOC-0007) | G25: Deficiency notice issued; rectified via SAC appeal
A26: SUPERSEDED | B26: =COUNTIF(Documents!N2:N15, "SUPERSEDED") -> 1 | C26: =B26/COUNTA(Documents!A2:A15) -> 0.071428571 | D26: SUPERSEDED | E26: Historical record archived in vault; replaced by renewed document | F26: DOC-0001 (Lease deed v1, replaced by DOC-0002 v2) | G26: Preserved in vault for audit trail; non-active
A27: Total Portfolio | B27: =SUM(B20:B26) -> 14 | C27: =SUM(C20:C26) -> 1 | D27: 7 Lifecycle States Monitored | E27: Continuous Automated Monitoring Across All Stages | F27: 3 Version Chains (Lineage A, B, C) Maintained | G27: 100% Synthetic Records (SIH26262 Prototype)
