Workbook

Sheet Deadlines
A1: deadline_id | B1: related_entity_type | C1: related_entity_id | D1: application_id | E1: institution_id | F1: deadline_category | G1: deadline_description | H1: assigned_role | I1: due_date | J1: deadline_status | K1: last_evaluated_date | L1: completion_cancellation_date | M1: escalation_policy | N1: source_reference | O1: is_demo_rule | P1: notes
A2: DDL-2026-001 | B2: UNDERTAKING | C2: UND-2026-010 | D2: APP001 | E2: INST001 | F2: EVC_READINESS | G2: Inspection scheduling and physical lab readiness inspection window | H2: ROLE_EVC_EXPERT | I2: 46324 | J2: UPCOMING | K2: 46320.417 | M2: ALERT_ONLY_LEVEL_1 | N2: APH_2024_27_CH4_SLA | O2: TRUE | P2: Illustrative rule; 4 days remaining in readiness window.
A3: DDL-2026-002 | B3: UNDERTAKING | C3: UND-2026-004 | D3: APP002 | E3: INST002 | F3: DEFICIENCY_RECTIFICATION | G3: Upload rectified Fire Safety NOC and faculty cadre ratio proof | H3: ROLE_INSTITUTION_ADMIN | I3: 46323 | J3: UPCOMING | K3: 46320.417 | M3: ALERT_ONLY_LEVEL_1 | N3: APH_2024_27_CH2_DEF | O3: TRUE | P3: Illustrative rule; 3 days remaining for deficiency upload.
A4: DDL-2026-003 | B4: ANNUAL_EOA | C4: EOA-2026-1003 | D4: APP003 | E4: INST003 | F4: ANNUAL_RENEWAL | G4: Routine annual EoA order generation and administrative closure | H4: ROLE_EXECUTIVE_COMMITTEE | I4: 46296 | J4: COMPLETED | K4: 46320.417 | L4: 46296 | M4: NONE | N4: APH_2024_27_CH1_EOA | O4: FALSE | P4: Completed on schedule; official EoA issued.
A5: DDL-2026-004 | B5: UNDERTAKING | C5: UND-2026-005 | D5: APP004 | E5: INST004 | F5: SCRUTINY_EVALUATION | G5: Scrutiny panel review of MBA faculty cadre ratio and syllabus norms | H5: ROLE_SCRUTINY_MEMBER | I5: 46320 | J5: DUE | K5: 46320.417 | M5: ALERT_ONLY_LEVEL_1 | N5: APH_2024_27_CH3_SCRUTINY | O5: TRUE | P5: Illustrative rule; due today (0 days remaining).
A6: DDL-2026-005 | B6: MULTI_YEAR_APPROVAL | C6: MYA-2026-1005 | D6: APP005 | E6: INST005 | F6: EC_DETERMINATION | G6: Executive Committee 3-year multi-year EoA final approval order | H6: ROLE_EXECUTIVE_COMMITTEE | I6: 46322 | J6: UPCOMING | K6: 46320.417 | M6: NONE | N6: APH_2024_27_CH5_EC | O6: TRUE | P6: Illustrative rule; 2 days remaining for EC docket sign-off.
A7: DDL-2026-006 | B7: APPEAL_PETITION | C7: SAC-2026-1006 | D7: APP006 | E7: INST006 | F7: SAC_APPEAL_HEARING | G7: Standing Appellate Committee bench hearing on disputed site setback area | H7: ROLE_SAC_CHAIR | I7: 46321 | J7: DUE | K7: 46320.417 | M7: ALERT_ONLY_LEVEL_2 | N7: AICTE_ACT_SEC12_SAC | O7: TRUE | P7: Illustrative rule; 1 day remaining before scheduled hearing.
A8: DDL-2026-007 | B8: CLOSURE_REQUEST | C8: CLR-2026-1007 | D8: APP007 | E8: INST007 | F8: EC_DETERMINATION | G8: Final Council progressive institutional closure determination | H8: ROLE_EXECUTIVE_COMMITTEE | I8: 46321 | J8: DUE | K8: 46320.417 | M8: ALERT_ONLY_LEVEL_1 | N8: APH_2024_27_CH8_CLOSURE | O8: TRUE | P8: Illustrative rule; 1 day remaining for closure verification.
A9: DDL-2026-008 | B9: UNDERTAKING | C9: UND-2026-007 | D9: APP008 | E9: INST008 | F9: APPROVAL_DISPATCH | G9: Desk review verification dispatch to Executive Committee for ODL route | H9: ROLE_APPROVAL_BUREAU | I9: 46320 | J9: COMPLETED | K9: 46320.417 | L9: 46320 | M9: NONE | N9: APH_2024_27_CH6_ODL | O9: FALSE | P9: Completed on reference date; ODL verification dispatched.
A10: DDL-2026-009 | B10: DESK_VERIFICATION | C10: DSK-2026-1009 | D10: APP009 | E10: INST009 | F10: DESK_VERIFICATION | G10: Regional Office initial proposal checklist verification and panel allocation | H10: ROLE_RO_CASE_WORKER | I10: 46321 | J10: DUE | K10: 46320.417 | M10: ALERT_ONLY_LEVEL_1 | N10: REG_OFFICE_MANUAL_SEC2 | O10: TRUE | P10: Illustrative rule; 1 day remaining for checklist signoff.
A11: DDL-2026-010 | B11: UNDERTAKING | C11: UND-2026-008 | D11: APP010 | E11: INST010 | F11: RO_ENDORSEMENT | G11: Regional Officer joint campus merger physical report endorsement | H11: ROLE_REGIONAL_OFFICER | I11: 46321 | J11: DUE | K11: 46320.417 | M11: ALERT_ONLY_LEVEL_1 | N11: REG_OFFICE_MANUAL_SEC4 | O11: TRUE | P11: Illustrative rule; 1 day remaining for physical endorsement.
A12: DDL-2026-011 | B12: UNDERTAKING | C12: UND-2026-002 | D12: APP011 | E12: INST011 | F12: TER_FEE_PAYMENT | G12: TER regulatory fee payment gateway transfer and challan reconciliation | H12: ROLE_INSTITUTION_ADMIN | I12: 46320 | J12: DUE | K12: 46320.417 | M12: ALERT_ONLY_LEVEL_2 | N12: APH_2024_27_FEE_NORMS | O12: TRUE | P12: Illustrative rule; due today (0 days remaining); challan pending.
A13: DDL-2026-012 | B13: UNDERTAKING | C13: UND-2026-001 | D13: APP012 | E13: INST012 | F13: AFFIDAVIT_SUBMISSION | G13: Mandatory Trust affidavit on non-judicial stamp paper submission | H13: ROLE_INSTITUTION_ADMIN | I13: 46349 | J13: UPCOMING | K13: 46320.417 | M13: ALERT_ONLY_LEVEL_1 | N13: APH_2024_27_APPX_1 | O13: FALSE | P13: Standard SLA window active; 29 days remaining.
A14: DDL-2026-013 | B14: UNDERTAKING | C14: UND-2026-009 | D14: APP013 | E14: INST013 | F14: LOA_DISPATCH | G14: Corpus security deposit verification and Letter of Approval issuance | H14: ROLE_EXECUTIVE_COMMITTEE | I14: 46295 | J14: COMPLETED | K14: 46320.417 | L14: 46295 | M14: NONE | N14: APH_2024_27_CH1_LOA | O14: FALSE | P14: Completed on schedule; LOA successfully issued.
A15: DDL-2026-014 | B15: INSPECTION_ORDER | C15: INS-2026-1014 | D15: APP014 | E15: INST014 | F15: UNAPPROVED_SUBLEASE | G15: Regulatory non-compliance order issued; unapproved land sublease rejected | H15: ROLE_APPROVAL_BUREAU | I15: 46300 | J15: CANCELLED | K15: 46320.417 | L15: 46300 | M15: NONE | N15: AICTE_REG_2020_SEC14 | O15: FALSE | P15: Cancelled upon application rejection; no further SLA.
A16: DDL-2026-015 | B16: WITHDRAWAL_REQUEST | C16: WTH-2026-1015 | D16: APP015 | E16: INST015 | F16: VOLUNTARY_WITHDRAWAL | G16: Governing Board Trust resolution uploaded for voluntary withdrawal | H16: ROLE_INSTITUTION_ADMIN | I16: 46293 | J16: CANCELLED | K16: 46320.417 | L16: 46293 | M16: NONE | N16: APH_2024_27_CH1_WTH | O16: FALSE | P16: Cancelled upon voluntary withdrawal resolution submission.
A17: DDL-2026-016 | B17: RESTRUCTURING_PLAN | C17: RST-2026-1016 | D17: APP016 | E17: INST001 | F17: HIBERNATION_OVERHAUL | G17: One-year restructuring window for seismic laboratory overhaul | H17: ROLE_APPROVAL_BUREAU | I17: 46619 | J17: UPCOMING | K17: 46320.417 | M17: ALERT_ONLY_LEVEL_1 | N17: APH_2024_27_CH9_HIB | O17: TRUE | P17: Illustrative rule; multi-month restructuring window active.
A18: DDL-2026-017 | B18: EVC_INSPECTION | C18: EVC-2026-1017 | D18: APP017 | E18: INST002 | F18: EVC_SCHEDULING | G18: Allocation of 3-member expert visit committee panel slots | H18: ROLE_APPROVAL_BUREAU | I18: 46321 | J18: DUE | K18: 46320.417 | M18: ALERT_ONLY_LEVEL_1 | N18: APH_2024_27_CH4_PANEL | O18: TRUE | P18: Illustrative rule; 1 day remaining for panel allocation.
A19: DDL-2026-018 | B19: MULTI_YEAR_EOA | C19: MYE-2026-1018 | D19: APP018 | E19: INST003 | F19: MULTI_YEAR_EOA | G19: Multi-year accreditation extension dispatch through 2029 | H19: ROLE_EXECUTIVE_COMMITTEE | I19: 46291 | J19: COMPLETED | K19: 46320.417 | L19: 46291 | M19: NONE | N19: APH_2024_27_CH1_NBA | O19: FALSE | P19: Completed on schedule; multi-year dispatch issued.
A20: DDL-2026-019 | B20: UNDERTAKING | C20: UND-2026-006 | D20: APP019 | E20: INST004 | F20: DEFICIENCY_RECTIFICATION | G20: Submit certified architect blueprint for commercial kitchen ventilation | H20: ROLE_INSTITUTION_ADMIN | I20: 46321 | J20: DUE | K20: 46320.417 | M20: ALERT_ONLY_LEVEL_2 | N20: APH_2024_27_CH2_ARCH | O20: TRUE | P20: Illustrative rule; 1 day remaining for architectural blueprint.
A21: DDL-2026-020 | B21: EVC_INSPECTION | C21: EVC-2026-1020 | D21: APP020 | E21: INST005 | F21: EVC_INSPECTION_WINDOW | G21: Physical inspection of MCA laboratory hardware setup within SLA | H21: ROLE_EVC_EXPERT | I21: 46319 | J21: ESCALATED | K21: 46320.417 | M21: ALERT_ONLY_LEVEL_2 | N21: APH_2024_27_CH4_INSP | O21: TRUE | P21: Illustrative rule; window elapsed on 2026-10-24; alert escalated to RO.
A22: DDL-2026-021 | B22: SCRUTINY_REVIEW | C22: SCR-2026-1021 | D22: APP021 | E22: INST006 | F22: WORK_PROF_VERIFICATION | G22: Scrutiny panel assessment of industry MoUs and flexible timing labs | H22: ROLE_SCRUTINY_MEMBER | I22: 46322 | J22: UPCOMING | K22: 46320.417 | M22: ALERT_ONLY_LEVEL_1 | N22: APH_2024_27_CH7_WORKPROF | O22: TRUE | P22: Illustrative rule; 2 days remaining for working professional review.
A23: DDL-2026-022 | B23: DESK_SCRUTINY | C23: DSK-2026-1022 | D23: APP022 | E23: INST007 | F23: DESK_SCRUTINY_ASSIGN | G23: Regional office allocation of scrutiny panel for routine EoA submission | H23: ROLE_RO_CASE_WORKER | I23: 46320 | J23: DUE | K23: 46320.417 | M23: ALERT_ONLY_LEVEL_1 | N23: REG_OFFICE_MANUAL_SEC1 | O23: TRUE | P23: Illustrative rule; due today (0 days remaining).
A24: DDL-2026-023 | B24: EVC_INSPECTION | C24: EVC-2026-1023 | D24: APP023 | E24: INST008 | F24: EVC_REPORT_TRANSMISSION | G24: Transmission of change-of-site inspection findings to Council | H24: ROLE_REGIONAL_OFFICER | I24: 46318 | J24: OVERDUE | K24: 46320.417 | M24: ALERT_ONLY_LEVEL_2 | N24: APH_2024_27_CH4_TRANS | O24: TRUE | P24: Illustrative rule; SLA elapsed by 2 days; alert notice dispatched.
A25: DDL-2026-024 | B25: UNDERTAKING | C25: UND-2026-003 | D25: APP024 | E25: INST009 | F25: DEFICIENCY_SLA_ELAPSED | G25: ODL security compliance window elapsed; automated escalation to SAC hearing | H25: ROLE_SAC_CHAIR | I25: 46317 | J25: ESCALATED | K25: 46320.417 | M25: ALERT_ONLY_SAC_NOTICE | N25: APH_2024_27_CH6_SAC | O25: TRUE | P25: Illustrative rule; elapsed SLA escalated to SAC docket for hearing.

Sheet Notifications
A1: notification_id | B1: deadline_id | C1: application_id | D1: recipient_role | E1: notification_title | F1: message_body | G1: trigger_reason | H1: dispatch_timestamp | I1: read_status | J1: read_timestamp | K1: delivery_channel | L1: deduplication_key | M1: notification_status | N1: event_source | O1: notes
A2: NOTIF-2026-001 | B2: DDL-2026-001 | C2: APP001 | D2: ROLE_EVC_EXPERT | E2: EVC Inspection Visit Scheduled | F2: On-site physical inspection scheduled for Apex Institute on Oct 28. Review checklist. | G2: STAGE_ENTRY | H2: 46309.417 | I2: READ | J2: 46309.599 | K2: EMAIL | L2: APP1001-DDL001-EVC_SCHED-20261014 | M2: DELIVERED | N2: SEEDED | O2: Seeded baseline notification; inspection panel dispatched.
A3: NOTIF-2026-002 | B3: DDL-2026-001 | C3: APP001 | D3: ROLE_INSTITUTION_ADMIN | E3: Laboratory Readiness Check Confirmed | F3: Readiness affidavit acknowledged. Ensure all laboratories and signage are accessible. | G3: SLA_WARNING | H3: 46319.677 | I3: UNREAD | K3: PORTAL_ALERT | L3: APP1001-DDL001-READINESS-20261024 | M3: SENT | N3: PROTOTYPE_GENERATED | O3: Prototype event; alert pending institution admin acknowledgement.
A4: NOTIF-2026-003 | B4: DDL-2026-002 | C4: APP002 | D4: ROLE_INSTITUTION_ADMIN | E4: Deficiency Notice: Fire NOC & Cadre Ratio | F4: Scrutiny flagged Fire NOC and cadre ratio certificate. Upload compliance by Oct 28. | G4: DEFICIENCY_FLAGGED | H4: 46313.479 | I4: READ | J4: 46314.384 | K4: PORTAL_ALERT | L4: APP1002-DDL002-DEF_NOTICE-20261018 | M4: DELIVERED | N4: SEEDED | O4: Seeded notification; deficiency compliance ticket opened.
A5: NOTIF-2026-004 | B5: DDL-2026-002 | C5: APP002 | D5: ROLE_INSTITUTION_ADMIN | E5: 5 Days Remaining: Deficiency Compliance | F5: Reminder: 5 days remaining to rectify flagged deficiencies for intake expansion. | G5: SLA_WARNING | H5: 46318.375 | I5: READ | J5: 46318.49 | K5: EMAIL | L5: APP1002-DDL002-DEF_REMIND-20261023 | M5: DELIVERED | N5: PROTOTYPE_GENERATED | O5: Prototype automated SLA reminder.
A6: NOTIF-2026-005 | B6: DDL-2026-003 | C6: APP003 | D6: ROLE_INSTITUTION_ADMIN | E6: Annual EoA 2026-27 Dispatched | F6: Formal Extension of Approval for AY 2026-27 has been issued and digitally signed. | G6: APPROVAL_ISSUED | H6: 46296.708 | I6: READ | J6: 46297.354 | K6: EMAIL | L6: APP1003-DDL003-EOA_ISSUED-20261001 | M6: RECORDED | N6: SEEDED | O6: Seeded completion event; digital EoA certificate attached.
A7: NOTIF-2026-006 | B7: DDL-2026-004 | C7: APP004 | D7: ROLE_SCRUTINY_MEMBER | E7: Scrutiny Evaluation Due Today | F7: MBA proposal evaluation turnaround reaches 10-day SLA today. Submit checklist findings. | G7: SLA_EXPIRING | H7: 46320.333 | I7: UNREAD | K7: SYSTEM_BELL | L7: APP1004-DDL004-SCRUT_DUE-20261025 | M7: SENT | N7: PROTOTYPE_GENERATED | O7: Prototype trigger on due date morning.
A8: NOTIF-2026-007 | B8: DDL-2026-004 | C8: APP004 | D8: ROLE_RO_CASE_WORKER | E8: Operational Notice: Pending Scrutiny Review | F8: Application APP-2026-1004 scrutiny window closes today. Follow up with committee member. | G8: SLA_EXPIRING | H8: 46320.385 | I8: READ | J8: 46320.42 | K8: SMS | L8: APP1004-DDL004-REMIND_SMS-20261025 | M8: DELIVERED | N8: PROTOTYPE_GENERATED | O8: Prototype alert sent to regional desk case worker.
A9: NOTIF-2026-008 | B9: DDL-2026-005 | C9: APP005 | D9: ROLE_EXECUTIVE_COMMITTEE | E9: Placed on Executive Committee Agenda | F9: 3-Year multi-year EoA recommendation tabled for Council quorum review on Oct 27. | G9: STAGE_ENTRY | H9: 46315.583 | I9: READ | J9: 46316.648 | K9: PORTAL_ALERT | L9: APP1005-DDL005-EC_AGENDA-20261020 | M9: DELIVERED | N9: SEEDED | O9: Seeded EC agenda notice for multi-year EoA.
A10: NOTIF-2026-009 | B10: DDL-2026-006 | C10: APP006 | D10: ROLE_INSTITUTION_ADMIN | E10: Standing Appellate Hearing Notice | F10: Hearing scheduled before SAC bench on Oct 26 regarding disputed land setback area. | G10: STAGE_ENTRY | H10: 46307.698 | I10: READ | J10: 46308.431 | K10: EMAIL | L10: APP1006-DDL006-SAC_NOTICE-20261012 | M10: DELIVERED | N10: SEEDED | O10: Seeded hearing summons; legal docket dispatched.
A11: NOTIF-2026-010 | B11: DDL-2026-006 | C11: APP006 | D11: ROLE_SAC_CHAIR | E11: Appellate Hearing Brief Uploaded | F11: Applicant submitted additional land demarcation surveyor affidavit for hearing docket. | G11: DOCUMENT_UPLOADED | H11: 46319.75 | I11: UNREAD | K11: SYSTEM_BELL | L11: APP1006-DDL006-SAC_BENCH-20261024 | M11: SENT | N11: PROTOTYPE_GENERATED | O11: Prototype trigger upon applicant supplementary filing.
A12: NOTIF-2026-011 | B12: DDL-2026-007 | C12: APP007 | D12: ROLE_EXECUTIVE_COMMITTEE | E12: Progressive Closure Order Ready | F12: Punjab Modern Polytechnic progressive closure endorsed by State DTE; order pending sign. | G12: STAGE_ENTRY | H12: 46314.507 | I12: READ | J12: 46315.459 | K12: PORTAL_ALERT | L12: APP1007-DDL007-CLOSURE_EC-20261019 | M12: DELIVERED | N12: SEEDED | O12: Seeded docket notice for Council closure order.
A13: NOTIF-2026-012 | B13: DDL-2026-008 | C13: APP008 | D13: ROLE_APPROVAL_BUREAU | E13: ODL Clearance Dispatch Due | F13: ODL demonstration verified. Transmit desk approval recommendation to EC queue today. | G13: SLA_EXPIRING | H13: 46320.354 | I13: UNREAD | K13: SYSTEM_BELL | L13: APP1008-DDL008-DESK_DUE-20261025 | M13: SENT | N13: PROTOTYPE_GENERATED | O13: Prototype alert for ODL desk review deadline.
A14: NOTIF-2026-013 | B14: DDL-2026-009 | C14: APP009 | D14: ROLE_RO_CASE_WORKER | E14: New Application Assigned to RO Queue | F14: Working professional B.Tech proposal submitted. Verify checklist documents within 3 days. | G14: STAGE_ENTRY | H14: 46318.472 | I14: READ | J14: 46318.611 | K14: PORTAL_ALERT | L14: APP1009-DDL009-SUBMIT_RO-20261023 | M14: DELIVERED | N14: SEEDED | O14: Seeded queue assignment for Western Regional Office.
A15: NOTIF-2026-014 | B15: DDL-2026-010 | C15: APP010 | D15: ROLE_REGIONAL_OFFICER | E15: EVC Report Submitted for Regional Endorsement | F15: Heritage City College merger inspection submitted with score 88%. Endorsement due Oct 26. | G15: STAGE_ENTRY | H15: 46316.625 | I15: READ | J15: 46317.386 | K15: EMAIL | L15: APP1010-DDL010-RO_ENDORSE-20261021 | M15: DELIVERED | N15: SEEDED | O15: Seeded inspection handoff to Regional Officer.
A16: NOTIF-2026-015 | B16: DDL-2026-011 | C16: APP011 | D16: ROLE_INSTITUTION_ADMIN | E16: Urgent: TER Fee Payment Due Within 24h | F16: TER payment window expires on Oct 25. Complete bank transfer to prevent application lapse. | G16: SLA_WARNING | H16: 46319.708 | I16: READ | J16: 46319.74 | K16: SMS | L16: APP1011-DDL011-TER_EXPIRING-20261024 | M16: DELIVERED | N16: PROTOTYPE_GENERATED | O16: Prototype escalation SMS before payment window lapse.
A17: NOTIF-2026-016 | B17: DDL-2026-011 | C17: APP011 | D17: ROLE_INSTITUTION_ADMIN | E17: Final Notice: TER Payment Window Closing Today | F17: Application will be unlocked to draft if NEFT transaction reference is not entered today. | G17: SLA_EXPIRING | H17: 46320.312 | I17: UNREAD | K17: PORTAL_ALERT | L17: APP1011-DDL011-TER_FINAL-20261025 | M17: SENT | N17: PROTOTYPE_GENERATED | O17: Prototype critical banner alert on due date.
A18: NOTIF-2026-017 | B18: DDL-2026-012 | C18: APP012 | D18: ROLE_INSTITUTION_ADMIN | E18: Draft Application Initiated | F18: Draft created. Please complete mandatory trust affidavit, land, and faculty tabs within 30 days. | G18: STAGE_ENTRY | H18: 46319.59 | I18: READ | J18: 46319.626 | K18: PORTAL_ALERT | L18: APP1012-DDL012-DRAFT_OPEN-20261024 | M18: DELIVERED | N18: SEEDED | O18: Seeded onboarding instructions for draft applicant.
A19: NOTIF-2026-018 | B19: DDL-2026-013 | C19: APP013 | D19: ROLE_INSTITUTION_ADMIN | E19: Letter of Approval (LoA) Issued | F19: Formal approval granted for 60 B.Pharm seats for AY 2026-27. Certificate available for download. | G19: APPROVAL_ISSUED | H19: 46295.75 | I19: READ | J19: 46296.382 | K19: EMAIL | L19: APP1013-DDL013-LOA_ORDER-20260930 | M19: RECORDED | N19: SEEDED | O19: Seeded final approval dispatch order.
A20: NOTIF-2026-019 | B20: DDL-2026-014 | C20: APP014 | D20: ROLE_INSTITUTION_ADMIN | E20: Application Rejection Order Published | F20: Council rejected intake increase due to unapproved institutional land sub-lease. | G20: ORDER_RECORDED | H20: 46300.688 | I20: READ | J20: 46301.427 | K20: EMAIL | L20: APP1014-DDL014-REJECT_ORDER-20261005 | M20: RECORDED | N20: SEEDED | O20: Seeded regulatory rejection notification.
A21: NOTIF-2026-020 | B21: DDL-2026-015 | C21: APP015 | D21: ROLE_INSTITUTION_ADMIN | E21: Voluntary Withdrawal Recorded | F21: Sponsoring trust resolution for voluntary withdrawal confirmed. Application closed. | G21: ORDER_RECORDED | H21: 46293.656 | I21: READ | J21: 46294.472 | K21: PORTAL_ALERT | L21: APP1015-DDL015-WITHDRAW_ACK-20260928 | M21: RECORDED | N21: SEEDED | O21: Seeded voluntary withdrawal acknowledgment.
A22: NOTIF-2026-021 | B22: DDL-2026-016 | C22: APP016 | D22: ROLE_APPROVAL_BUREAU | E22: Institution Status Set to Hibernated | F22: Satpura Institute placed in hibernation mode for AY 2026-27 for facility overhaul. | G22: ORDER_RECORDED | H22: 46254.417 | I22: READ | J22: 46254.469 | K22: SYSTEM_BELL | L22: APP1016-DDL016-HIBERNATE-20260820 | M22: RECORDED | N22: SEEDED | O22: Seeded institutional hibernation record.
A23: NOTIF-2026-022 | B23: DDL-2026-017 | C23: APP017 | D23: ROLE_APPROVAL_BUREAU | E23: EVC Committee Panel Slot Required | F23: Scrutiny cleared for Silicon Valley Institute AI & Robotics. Assign 3-member inspection team. | G23: STAGE_ENTRY | H23: 46318.667 | I23: READ | J23: 46319.396 | K23: PORTAL_ALERT | L23: APP1017-DDL017-EVC_SLOT-20261023 | M23: DELIVERED | N23: SEEDED | O23: Seeded panel allocation workflow alert.
A24: NOTIF-2026-023 | B24: DDL-2026-019 | C24: APP019 | D24: ROLE_INSTITUTION_ADMIN | E24: Revision Required: Kitchen Ventilation Certificate | F24: Initial upload rejected: chartered architect stamp missing. Upload revised drawing by Oct 26. | G24: DEFICIENCY_FLAGGED | H24: 46319.688 | I24: READ | J24: 46319.757 | K24: EMAIL | L24: APP1019-DDL019-DEF_STAMP-20261024 | M24: DELIVERED | N24: PROTOTYPE_GENERATED | O24: Prototype deficiency notification on rejected document.
A25: NOTIF-2026-024 | B25: DDL-2026-019 | C25: APP019 | D25: ROLE_INSTITUTION_ADMIN | E25: Alert: 24 Hours Left for Deficiency Upload | F25: Ensure stamped mechanical ventilation certificate is uploaded on AICTE portal before Oct 26. | G25: SLA_WARNING | H25: 46320.333 | I25: UNREAD | K25: SMS | L25: APP1019-DDL019-WARN_SMS-20261025 | M25: SENT | N25: PROTOTYPE_GENERATED | O25: Prototype critical countdown SMS.
A26: NOTIF-2026-025 | B26: DDL-2026-020 | C26: APP020 | D26: ROLE_REGIONAL_OFFICER | E26: Non-Blocking Escalation: EVC SLA Approaching Limit | F26: EVC inspection window reaches 14th day. Alert sent to RO to ensure inspection report submission. | G26: ESCALATION_TRIGGERED | H26: 46320.375 | I26: UNREAD | K26: EMAIL | L26: APP1020-DDL020-EVC_ESCALATE-20261025 | M26: SENT | N26: PROTOTYPE_GENERATED | O26: Prototype non-blocking escalation alert sent to RO.
A27: NOTIF-2026-026 | B27: DDL-2026-022 | C27: APP022 | D27: ROLE_RO_CASE_WORKER | E27: Scrutiny Panel Allocation Due Today | F27: Routine EoA submission for Thar Institute requires scrutiny member assignment today. | G27: SLA_EXPIRING | H27: 46320.396 | I27: UNREAD | K27: SYSTEM_BELL | L27: APP1022-DDL022-RO_ASSIGN-20261025 | M27: SENT | N27: PROTOTYPE_GENERATED | O27: Prototype daily due-queue notification.
A28: NOTIF-2026-027 | B28: DDL-2026-023 | C28: APP023 | D28: ROLE_REGIONAL_OFFICER | E28: Overdue Alert: Change of Site EVC Report | F28: 5-day SLA elapsed for transmitting Eastern Frontier Polytechnic site change inspection findings. | G28: SLA_ELAPSED | H28: 46320.417 | I28: UNREAD | K28: PORTAL_ALERT | L28: APP1023-DDL023-OVERDUE_WARN-20261025 | M28: SENT | N28: PROTOTYPE_GENERATED | O28: Prototype overdue SLA alert; escalation tier 2 logged.
A29: NOTIF-2026-028 | B29: DDL-2026-024 | C29: APP024 | D29: ROLE_SAC_CHAIR | E29: Non-Blocking Escalation: Automated Referral to SAC | F29: Vindhya School of Management ODL compliance window elapsed. Automated case referral to SAC. | G29: ESCALATION_TRIGGERED | H29: 46319.999 | I29: READ | J29: 46320.344 | K29: PORTAL_ALERT | L29: APP1024-DDL024-SAC_ESCALATE-20261024 | M29: DELIVERED | N29: PROTOTYPE_GENERATED | O29: Prototype automated SAC referral docket alert.
A30: NOTIF-2026-029 | B30: DDL-2026-024 | C30: APP024 | D30: ROLE_INSTITUTION_ADMIN | E30: Urgent: Appellate Hearing Notice for Proctoring Compliance | F30: Hearing confirmed before SAC bench regarding remote proctoring cybersecurity standards. | G30: STAGE_ENTRY | H30: 46320.354 | I30: UNREAD | K30: EMAIL | L30: APP1024-DDL024-SAC_HEAR_NOTIF-20261025 | M30: SENT | N30: PROTOTYPE_GENERATED | O30: Prototype appellate summons to institution administrator.
A31: NOTIF-2026-030 | B31: DDL-2026-021 | C31: APP021 | D31: ROLE_SCRUTINY_MEMBER | E31: Industry MoU Scrutiny Assigned | F31: Working professional curriculum and industry MoU verification docket uploaded for scrutiny review. | G31: STAGE_ENTRY | H31: 46312.458 | I31: READ | J31: 46313.396 | K31: EMAIL | L31: APP1021-DDL021-WORK_MOU-20261017 | M31: DELIVERED | N31: PROTOTYPE_GENERATED | O31: Prototype event; review assigned to scrutiny expert.

Sheet Data_Dictionary
A1: Table_Name | B1: Field_Name | C1: Data_Type | D1: Constraints_And_Allowed_Values | E1: Description
A2: Deadlines | B2: deadline_id | C2: String | D2: Primary Key; Format DDL-YYYY-NNN; Not Null | E2: Unique alphanumeric identifier for each regulatory deadline record.
A3: Deadlines | B3: related_entity_type | C3: String | D3: UNDERTAKING, DEFICIENCY_NOTICE, EVC_INSPECTION, ANNUAL_EOA, APPEAL_PETITION, CLOSURE_REQUEST, TER_PAYMENT, TRUST_AFFIDAVIT, HIBERNATION_REQUEST, DESK_VERIFICATION, SCRUTINY_REVIEW, MULTI_YEAR_APPROVAL, MULTI_YEAR_EOA, INSPECTION_ORDER, WITHDRAWAL_REQUEST, RESTRUCTURING_PLAN, DESK_SCRUTINY; Not Null | E3: High-level business entity type linked to the compliance deadline.
A4: Deadlines | B4: related_entity_id | C4: String | D4: Alphanumeric identifier; Not Null (UND-2026-NNN verified in Dataset 5; 14 non-undertakings are illustrative fixtures) | E4: Specific record ID corresponding to related_entity_type (e.g., UND-*, EVC-*, EOA-*).
A5: Deadlines | B5: application_id | C5: String | D5: Foreign Key -> Dataset 2 Applications.application_id (APP001–APP025); Not Null | E5: AICTE application tracking reference number associated with this deadline.
A6: Deadlines | B6: institution_id | C6: String | D6: Foreign Key -> Dataset 1 Selected_Institutions.Institution_ID_Mapping (INST001–INST015); Not Null | E6: AICTE permanent institutional identification number.
A7: Deadlines | B7: deadline_category | C7: String | D7: DEFICIENCY_RECTIFICATION, EVC_READINESS, TER_FEE_PAYMENT, AFFIDAVIT_SUBMISSION, SAC_APPEAL_HEARING, EC_DETERMINATION, ANNUAL_RENEWAL, DESK_VERIFICATION, RO_ENDORSEMENT, HIBERNATION_OVERHAUL, LOA_DISPATCH, UNAPPROVED_SUBLEASE, VOLUNTARY_WITHDRAWAL, EVC_SCHEDULING, MULTI_YEAR_EOA, EVC_INSPECTION_WINDOW, WORK_PROF_VERIFICATION, DESK_SCRUTINY_ASSIGN, EVC_REPORT_TRANSMISSION, DEFICIENCY_SLA_ELAPSED; Not Null | E7: Standardized functional classification category of the regulatory deadline.
A8: Deadlines | B8: deadline_description | C8: String | D8: Free text narrative; Not Null | E8: Operational explanation of the required compliance task, submission, or review.
A9: Deadlines | B9: assigned_role | C9: String | D9: Foreign Key -> Role_Permissions.Role_Code (Canonical: ROLE_INSTITUTION_ADMIN, ROLE_RO_CASE_WORKER, ROLE_SCRUTINY_MEMBER, ROLE_REGIONAL_OFFICER, ROLE_APPROVAL_BUREAU, ROLE_EXECUTIVE_COMMITTEE, ROLE_EVC_EXPERT, ROLE_SAC_CHAIR); Not Null | E9: Designated stakeholder role accountable for executing or resolving deadline action.
A10: Deadlines | B10: due_date | C10: Date | D10: Format: YYYY-MM-DD; Not Null | E10: Calendar target date by which the regulatory action must be finalized.
A11: Deadlines | B11: deadline_status | C11: String | D11: UPCOMING, DUE, OVERDUE, COMPLETED, CANCELLED, ESCALATED; Not Null | E11: Lifecycle status evaluated relative to baseline date 2026-10-25.
A12: Deadlines | B12: last_evaluated_date | C12: DateTime | D12: Format: YYYY-MM-DD HH:MM:SS; Baseline 2026-10-25 10:00:00; Not Null | E12: Timestamp when compliance SLA timer and lifecycle state were last evaluated.
... A45: Validation_Report | B45: severity_level | C45: String | D45: HIGH, MEDIUM, LOW; Not Null | E45: Operational severity assigned to failures under this audit category.

Sheet Read_Me
A1: Section | B1: Topic | C1: Specification_Value | D1: Operational_Guidance
A2: Project Metadata | B2: Project Scope | C2: Dataset 7 (Deadlines, Notifications, Escalations) | D2: AICTE regulatory approval workflow engine compliance and deadline management test suite.
A3: Evaluation Baseline | B3: Baseline Reference Date | C3: 2026-10-25 (Fixed Reference Date) | D3: All SLA timer calculations, remaining days, and status determinations are evaluated as of 2026-10-25.
A4: Evaluation Baseline | B4: Timezone & Calendar | C4: IST (UTC+05:30) / Calendar Days | D4: Turnaround times follow calendar day standards per AICTE Approval Process Handbook (APH 2024-27).
A5: Governance Rule | B5: Alert-Only Enforcement | C5: Non-Automatic Disposition Policy | D5: Missed deadlines trigger administrative and supervisory alerts; they never cause automatic official approval or rejection.
A6: Governance Rule | B6: Illustrative Demo Rules | C6: is_demo_rule = TRUE / Illustrative | D6: Unverified statutory deadlines and escalation policies are marked illustrative to support prototype simulation.
A7: Deadline Lifecycle | B7: UPCOMING Status | C7: Due Date > 2026-10-25 (+3 days or more) | D7: SLA window active within standard processing times; routine notifications dispatched per schedule.
A8: Deadline Lifecycle | B8: DUE Status | C8: Due Date in [2026-10-25, 2026-10-27] | D8: Approaching turnaround limit (0 to 2 days remaining); urgent compliance or officer action required.
A9: Deadline Lifecycle | B9: OVERDUE Status | C9: Due Date < 2026-10-25 & Action Pending | D9: Standard SLA turnaround exceeded without formal submission; triggers tier-2 supervisory warning alert.
A10: Deadline Lifecycle | B10: COMPLETED Status | C10: Formally Cleared / Approved | D10: Action concluded on schedule (e.g., EoA order issued, ODL cleared, LoA dispatched); terminal state.
A11: Deadline Lifecycle | B11: CANCELLED Status | C11: Application Terminated / Withdrawn | D11: Compliance timer voided due to application rejection or voluntary trust withdrawal resolution.
A12: Deadline Lifecycle | B12: ESCALATED Status | C12: Formally Referred to SAC / RO | D12: SLA breached and case escalated to higher administrative authority (e.g., Standing Appellate Committee).
... A25: Maintenance Protocol | B25: Periodic SLA Evaluation | C25: Daily Batch Job Cadence | D25: Automated cron job re-evaluates SLA timers daily at 00:00:00 IST to update statuses and dispatch alerts.

Sheet Validation_Report
A1: Audit_ID | B1: Validation_Category | C1: Validation_Check_Rule | D1: Target_Scope | E1: Formula_Audit_Logic | F1: Anomaly_Count | G1: Audit_Status
A2: AUD-001 | B2: RELATIONAL_INTEGRITY | C2: Notifications to Deadlines Foreign Key Integrity | D2: Notifications!B2:B31 -> Deadlines!A2:A25 | E2: Check for notification deadline_id not present in Deadlines | F2: =SUMPRODUCT(ISNA(MATCH(Notifications!B2:B31, Deadlines!A2:A25, 0))) -> 0 | G2: =IF(F2=0, "PASS", "FAIL") -> PASS
A3: AUD-002 | B3: DEDUPLICATION | C3: Notification Deduplication Key Uniqueness | D3: Notifications!L2:L31 | E3: Count occurrences of duplicate idempotency keys | F3: =IFERROR(__xludf.DUMMYFUNCTION("COUNTA(Notifications!L2:L31)-COUNTUNIQUE(Notifications!L2:L31)"),0.0) -> 0 | G3: =IF(F3=0, "PASS", "FAIL") -> PASS
A4: AUD-003 | B4: PRIMARY_KEY | C4: Deadline Primary Key Uniqueness | D4: Deadlines!A2:A25 | E4: Ensure all deadline_id records are strictly unique | F4: =IFERROR(__xludf.DUMMYFUNCTION("COUNTA(Deadlines!A2:A25)-COUNTUNIQUE(Deadlines!A2:A25)"),0.0) -> 0 | G4: =IF(F4=0, "PASS", "FAIL") -> PASS
A5: AUD-004 | B5: STATE_CONSISTENCY | C5: Terminal State Date Consistency | D5: Deadlines!J2:J25 & Deadlines!L2:L25 | E5: Flag COMPLETED/CANCELLED records missing completion date | F5: =SUMPRODUCT(((Deadlines!J2:J25="COMPLETED")+(Deadlines!J2:J25="CANCELLED"))*(ISBLANK(Deadlines!L2:L25)+(Deadlines!L2:L25=""))) -> 0 | G5: =IF(F5=0, "PASS", "FAIL") -> PASS
A6: AUD-005 | B6: STATE_CONSISTENCY | C6: Active State Date Nullity Conformance | D6: Deadlines!J2:J25 & Deadlines!L2:L25 | E6: Flag active records (UPCOMING, DUE, OVERDUE, ESCALATED) having completion date | F6: =SUMPRODUCT(((Deadlines!J2:J25="UPCOMING")+(Deadlines!J2:J25="DUE")+(Deadlines!J2:J25="OVERDUE")+(Deadlines!J2:J25="ESCALATED"))*(NOT(ISBLANK(Deadlines!L2:L25))*(Deadlines!L2:L25<>""))) -> 0 | G6: =IF(F6=0, "PASS", "FAIL") -> PASS
A7: AUD-006 | B7: TEMPORAL_INTEGRITY | C7: Overdue vs Baseline Date Verification | D7: Deadlines!I2:I25 & Deadlines!J2:J25 | E7: Flag records marked OVERDUE whose due date is on or after 2026-10-25 | F7: =SUMPRODUCT((Deadlines!J2:J25="OVERDUE")*(Deadlines!I2:I25>=DATE(2026,10,25))) -> 0 | G7: =IF(F7=0, "PASS", "FAIL") -> PASS
A8: AUD-007 | B8: TEMPORAL_INTEGRITY | C8: Upcoming vs Baseline Date Verification | D8: Deadlines!I2:I25 & Deadlines!J2:J25 | E8: Flag records marked UPCOMING whose due date is in the past (<2026-10-25) | F8: =SUMPRODUCT((Deadlines!J2:J25="UPCOMING")*(Deadlines!I2:I25<DATE(2026,10,25))) -> 0 | G8: =IF(F8=0, "PASS", "FAIL") -> PASS
A9: AUD-008 | B9: AUDIT_TRAIL | C9: Notification Read State Timestamp Conformance | D9: Notifications!I2:I31 & Notifications!J2:J31 | E9: Flag records marked READ missing read_timestamp | F9: =SUMPRODUCT((Notifications!I2:I31="READ")*(ISBLANK(Notifications!J2:J31)+(Notifications!J2:J31=""))) -> 0 | G9: =IF(F9=0, "PASS", "FAIL") -> PASS
A10: AUD-009 | B10: AUDIT_TRAIL | C10: Notification Unread State Timestamp Conformance | D10: Notifications!I2:I31 & Notifications!J2:J31 | E10: Flag records marked UNREAD containing read_timestamp | F10: =SUMPRODUCT((Notifications!I2:I31="UNREAD")*(NOT(ISBLANK(Notifications!J2:J31))*(Notifications!J2:J31<>""))) -> 0 | G10: =IF(F10=0, "PASS", "FAIL") -> PASS
A11: AUD-010 | B11: RELATIONAL_INTEGRITY | C11: Notifications Application ID Cross-Match | D11: Notifications!C2:C31 -> Deadlines!D2:D25 | E11: Ensure every notification application_id exists in Deadlines | F11: =SUMPRODUCT(ISNA(MATCH(Notifications!C2:C31, Deadlines!D2:D25, 0))) -> 0 | G11: =IF(F11=0, "PASS", "FAIL") -> PASS
A13: Validation Executive Metric | B13: Metric Value | C13: Status / Target | D13: Compliance Scope
A14: Total Audits Executed | B14: =COUNTA(A2:A11) -> 10 | C14: =B14&" Checks Active" -> 10 Checks Active | D14: 100% of planned relational and state integrity suite evaluated
A15: Total Relational Anomalies | B15: =SUM(F2:F11) -> 0 | C15: =IF(B15=0, "0 Anomalies (Clean)", B15&" Anomalies Flagged") -> 0 Anomalies (Clean) | D15: Dataset exhibits 0 broken foreign keys or duplicate keys
A16: Total Deadlines Evaluated | B16: =COUNTA(Deadlines!A2:A25) -> 24 | C16: 24 Records | D16: Full lifecycle states represented across reference date 2026-10-25
A17: Total Notifications Dispatched | B17: =COUNTA(Notifications!A2:A31) -> 30 | C17: 30 Records | D17: All delivery channels and roles represented with seeded & prototype events
A18: Overall Integrity Compliance Rate | B18: =IF(B14=0, 0, (COUNTIF(G2:G11, "PASS")/B14)) -> 1 | C18: 100.0% Target | D18: Certified robust for prototype simulation
A19: Fixed Reference Baseline Date | B19: 46320 | C19: IST (UTC+05:30) | D19: Temporal benchmark frozen across all evaluations
