Workbook

Sheet Stage_Definitions
A1: Stage_ID | B1: Stage_Code | C1: Stage_Name | D1: Stage_Category | E1: Stage_Type | F1: Responsible_Role | G1: SLA_Days | H1: Is_Terminal | I1: Can_Rollback | J1: Requires_Digital_Signoff | K1: Escalation_Stage | L1: Active_Status | M1: Stage_Description
A2: STG_01 | B2: DRAFT | C2: Application Draft Creation | D2: Drafting & Submission | E2: Initial | F2: Institution Admin | G2: 30 | H2: FALSE | I2: FALSE | J2: FALSE | K2: SUBMITTED | L2: TRUE | M2: Institution enters institutional, land, faculty, and academic program details on the portal.
A3: STG_02 | B3: SUBMITTED | C3: Application Submitted | D3: Intake & Verification | E3: Intermediate | F3: Intake Officer | G3: 3 | H3: FALSE | I3: FALSE | J3: TRUE | K3: INITIAL_VALIDATION | L3: TRUE | M3: Online application locked and submitted with notary affidavit and digital signatures.
A4: STG_03 | B4: INITIAL_VALIDATION | C4: Initial Fee & Document Validation | D4: Intake & Verification | E4: Intermediate | F4: Validation Officer | G4: 5 | H4: FALSE | I4: TRUE | J4: TRUE | K4: INITIAL_SCRUTINY | L4: TRUE | M4: Preliminary verification of fee payment reconciliation, mandatory documents, and eligibility.
A5: STG_04 | B5: INITIAL_SCRUTINY | C5: Technical Scrutiny Evaluation | D5: Committee Evaluation | E5: Intermediate | F5: Scrutiny Officer | G5: 10 | H5: FALSE | I5: FALSE | J5: TRUE | K5: DEFICIENCY_RAISED | L5: TRUE | M5: Technical verification of land titles, building plans, AICTE affiliation norms, and statutory approvals.
A6: STG_05 | B6: DEFICIENCY_RAISED | C6: Deficiency Notice Issued | D6: Exception Handling | E6: Exception | F6: Institution Admin | G6: 10 | H6: FALSE | I6: TRUE | J6: TRUE | K6: RE_SCRUTINY | L6: TRUE | M6: Document or infrastructure deficiencies flagged; compliance upload window opened for institution.
A7: STG_06 | B7: RE_SCRUTINY | C7: Post-Deficiency Compliance Scrutiny | D7: Committee Evaluation | E7: Intermediate | F7: Scrutiny Officer | G7: 7 | H7: FALSE | I7: FALSE | J7: TRUE | K7: EVC_PENDING | L7: TRUE | M7: Scrutiny panel evaluates rectified compliance proofs submitted following deficiency memo.
A8: STG_07 | B8: EVC_PENDING | C8: Expert Visit Committee Roster Pending | D8: Expert Inspection | E8: Intermediate | F8: EVC Coordinator | G8: 7 | H8: FALSE | I8: FALSE | J8: TRUE | K8: EVC_SCHEDULED | L8: TRUE | M8: Physical or virtual campus inspection panel allocation and schedule coordination.
A9: STG_08 | B9: EVC_SCHEDULED | C9: Expert Visit Committee Scheduled | D9: Expert Inspection | E9: Intermediate | F9: EVC Coordinator | G9: 15 | H9: FALSE | I9: FALSE | J9: TRUE | K9: EVC_COMPLETED | L9: TRUE | M9: Inspection date fixed with 3-member expert committee to verify ground facilities.
A10: STG_09 | B10: EVC_COMPLETED | C10: EVC Inspection Report Submitted | D10: Expert Inspection | E10: Intermediate | F10: EVC Coordinator | G10: 5 | H10: FALSE | I10: FALSE | J10: TRUE | K10: COMMITTEE_REVIEW | L10: TRUE | M10: Expert Visit Committee report submitted with geo-tagged photos, video evidence, and rubric scores.
A11: STG_10 | B11: COMMITTEE_REVIEW | C11: Regional / Executive Committee Review | D11: Committee Evaluation | E11: Intermediate | F11: Committee Secretariat | G11: 7 | H11: FALSE | I11: FALSE | J11: TRUE | K11: DECISION_PENDING | L11: TRUE | M11: Committee evaluates inspection findings, scrutiny reports, and recommendations.
A12: STG_11 | B12: DECISION_PENDING | C12: Competent Authority Determination | D12: Final Determination | E12: Intermediate | F12: Competent Authority Secretariat | G12: 7 | H12: FALSE | I12: FALSE | J12: TRUE | K12: COMPLETED | L12: TRUE | M12: Final statutory consideration and formal approval/rejection order preparation by competent authority.
A13: STG_12 | B13: COMPLETED | C13: Regulatory Approval Granted | D13: Final Determination | E13: Terminal | F13: Records Officer | G13: 0 | H13: TRUE | I13: FALSE | J13: TRUE | K13: NONE | L13: TRUE | M13: Formal Letter of Approval (LoA) or Extension of Approval (EoA) issued and archived.
... A16: STG_15 | B16: HIBERNATED | C16: Institution Operations Hibernated | D16: Dormant/Terminal | E16: Intermediate | F16: Competent Authority Secretariat | G16: 365 | H16: FALSE | I16: TRUE | J16: TRUE | K16: INITIAL_SCRUTINY | L16: TRUE | M16: Institution placed in hibernation mode for up to one academic session for facility revamping.

Sheet Transition_Rules
A1: Rule_ID | B1: Current_Stage_Code | C1: Trigger_Action | D1: Next_Stage_Code | E1: Transition_Type | F1: Authorized_Role | G1: Precondition_Check | H1: Requires_Documentation | I1: Requires_Digital_Signature | J1: Auto_Transition | K1: SLA_Reset_Days | L1: Is_Terminal_Transition | M1: Audit_Logging_Required | N1: Rule_Status | O1: Rule_Description
A2: TR_001 | B2: DRAFT | C2: SUBMIT_APPLICATION | D2: SUBMITTED | E2: Forward | F2: Institution Admin | G2: All mandatory institutional tabs completed & affidavits verified | H2: TRUE | I2: TRUE | J2: FALSE | K2: 3 | L2: FALSE | M2: TRUE | N2: ACTIVE | O2: Applicant locks application data and formally submits to AICTE.
A3: TR_002 | B3: SUBMITTED | C3: ASSIGN_INTAKE | D3: INITIAL_VALIDATION | E3: Forward | F3: Intake Officer | G3: Application received on portal; intake checklist verified | H3: TRUE | I3: FALSE | J3: FALSE | K3: 5 | L3: FALSE | M3: TRUE | N3: ACTIVE | O3: Intake officer verifies submission package and assigns for fee/document validation.
A4: TR_003 | B4: INITIAL_VALIDATION | C4: VALIDATE_FEES_DOCS | D4: INITIAL_SCRUTINY | E4: Forward | F4: Validation Officer | G4: Fee payment challan reconciled and preliminary documents verified | H4: TRUE | I4: TRUE | J4: FALSE | K4: 10 | L4: FALSE | M4: TRUE | N4: ACTIVE | O4: Validation officer clears payment and statutory credentials, forwarding to technical scrutiny.
A5: TR_004 | B5: INITIAL_VALIDATION | C5: ROLLBACK_INTAKE | D5: DRAFT | E5: Rollback | F5: Validation Officer | G5: Defective application payload or fee reconciliation failure requiring applicant correction | H5: FALSE | I5: FALSE | J5: FALSE | K5: 30 | L5: FALSE | M5: TRUE | N5: ACTIVE | O5: Returns dossier to draft status to permit applicant corrections before formal review.
A6: TR_005 | B6: INITIAL_SCRUTINY | C6: PASS_SCRUTINY | D6: COMMITTEE_REVIEW | E6: Forward | F6: Scrutiny Officer | G6: All technical scrutiny norms verified; inspection waiver applicable (routine EoA) | H6: TRUE | I6: TRUE | J6: FALSE | K6: 7 | L6: FALSE | M6: TRUE | N6: ACTIVE | O6: Technical scrutiny completed satisfactorily; routed directly to committee review.
A7: TR_006 | B7: INITIAL_SCRUTINY | C7: FLAG_DEFICIENCIES | D7: DEFICIENCY_RAISED | E7: Exception Loop | F7: Scrutiny Officer | G7: Non-compliant or missing documentation flagged in portal memo | H7: TRUE | I7: TRUE | J7: FALSE | K7: 10 | L7: FALSE | M7: TRUE | N7: ACTIVE | O7: Scrutiny officer issues deficiency notice and opens institutional compliance upload window.
A8: TR_007 | B8: INITIAL_SCRUTINY | C8: RECOMMEND_EVC | D8: EVC_PENDING | E8: Forward | F8: Scrutiny Officer | G8: New program or intake increase route requiring physical/virtual site inspection | H8: TRUE | I8: TRUE | J8: FALSE | K8: 7 | L8: FALSE | M8: TRUE | N8: ACTIVE | O8: Scrutiny panel recommends campus physical inspection for infrastructure verification.
A9: TR_008 | B9: DEFICIENCY_RAISED | C9: RECTIFY_DEFICIENCY | D9: RE_SCRUTINY | E9: Forward | F9: Institution Admin | G9: Rectified compliance proofs uploaded within 10-day compliance window | H9: TRUE | I9: TRUE | J9: FALSE | K9: 7 | L9: FALSE | M9: TRUE | N9: ACTIVE | O9: Institution uploads compliance documents to initiate post-deficiency re-scrutiny.
A10: TR_009 | B10: DEFICIENCY_RAISED | C10: WITHDRAW_DEFICIENT | D10: WITHDRAWN | E10: Terminal Determination | F10: Institution Admin | G10: Trust governing board resolution for voluntary application withdrawal uploaded | H10: TRUE | I10: TRUE | J10: FALSE | K10: 0 | L10: TRUE | M10: TRUE | N10: ACTIVE | O10: Voluntary withdrawal submitted following deficiency memo.
A11: TR_010 | B11: RE_SCRUTINY | C11: PASS_RE_SCRUTINY | D11: COMMITTEE_REVIEW | E11: Forward | F11: Scrutiny Officer | G11: Re-scrutiny panel verifies compliance proofs; eligible for desk approval | H11: TRUE | I11: TRUE | J11: FALSE | K11: 7 | L11: FALSE | M11: TRUE | N11: ACTIVE | O11: Rectified documents satisfy norms; dossier routed forward to committee review.
A12: TR_011 | B12: RE_SCRUTINY | C12: RE_SCRUTINY_TO_EVC | D12: EVC_PENDING | E12: Forward | F12: Scrutiny Officer | G12: Compliance proofs validated; campus inspection required to confirm ground facilities | H12: TRUE | I12: TRUE | J12: FALSE | K12: 7 | L12: FALSE | M12: TRUE | N12: ACTIVE | O12: Compliance proofs validated; campus inspection rostered.
A13: TR_012 | B13: RE_SCRUTINY | C13: ESCALATE_UNRESOLVED | D13: COMMITTEE_REVIEW | E13: Exception Loop | F13: Scrutiny Officer | G13: Unresolved deficiencies flagged; referred to committee review for hearing/determination | H13: TRUE | I13: TRUE | J13: FALSE | K13: 7 | L13: FALSE | M13: TRUE | N13: ACTIVE | O13: Unresolved deficiencies escalated to committee for consideration without automated rejection.
... A25: TR_024 | B25: DECISION_PENDING | C25: CONFIRM_CLOSURE | D25: WITHDRAWN | E25: Terminal Determination | F25: Competent Authority Secretariat | G25: Competent Authority ratifies progressive institutional closure resolution | H25: TRUE | I25: TRUE | J25: FALSE | K25: 0 | L25: TRUE | M25: TRUE | N25: ACTIVE | O25: Official executive closure confirmation recorded by Competent Authority.

Sheet Application_Routes
A1: Route_ID | B1: Route_Code | C1: Application_Type | D1: Eligibility_Criteria | E1: Entry_Conditions | F1: Mandatory_Stages_Sequence | G1: Requires_EVC | H1: Requires_Affiliation_NOC | I1: Applicable_TER_Charges_INR | J1: Target_SLA_Days | K1: Allowed_Terminal_Outcomes | L1: Final_Outcome_Stage
A2: RT_01 | B2: ROUTE_NEW_INST | C2: New Programme | D2: Illustrative demo criteria: registered entity with academic campus readiness [Demo Config] | E2: Valid digital application submission, preliminary fee validation [Demo Config] | F2: DRAFT -> SUBMITTED -> INITIAL_VALIDATION -> INITIAL_SCRUTINY -> EVC_PENDING -> EVC_SCHEDULED -> EVC_COMPLETED -> COMMITTEE_REVIEW -> DECISION_PENDING -> COMPLETED | G2: TRUE | H2: TRUE | I2: ₹500,000 [Demo Config] | J2: 60 | K2: COMPLETED, REJECTED, WITHDRAWN | L2: COMPLETED
A3: RT_02 | B3: ROUTE_EOA_STD | C3: Extension of Approval | D3: Illustrative demo criteria: existing approved institution in regular standing [Demo Config] | E3: Annual reporting dossier submitted, no unaddressed compliance embargoes [Demo Config] | F3: DRAFT -> SUBMITTED -> INITIAL_VALIDATION -> INITIAL_SCRUTINY -> COMMITTEE_REVIEW -> DECISION_PENDING -> COMPLETED | G3: FALSE | H3: FALSE | I3: ₹100,000 [Demo Config] | J3: 30 | K3: COMPLETED, REJECTED, HIBERNATED, WITHDRAWN | L3: COMPLETED
A4: RT_03 | B4: ROUTE_INC_INTAKE | C4: Increase in Intake | D4: Illustrative demo criteria: accredited program seeking student capacity expansion [Demo Config] | E4: Verified laboratory carpet area and faculty cadre ratio norms [Demo Config] | F4: DRAFT -> SUBMITTED -> INITIAL_VALIDATION -> INITIAL_SCRUTINY -> EVC_PENDING -> EVC_SCHEDULED -> EVC_COMPLETED -> COMMITTEE_REVIEW -> DECISION_PENDING -> COMPLETED | G4: TRUE | H4: TRUE | I4: ₹200,000 [Demo Config] | J4: 45 | K4: COMPLETED, REJECTED, WITHDRAWN | L4: COMPLETED
A5: RT_04 | B5: ROUTE_CLOSURE | C5: Institutional Closure / Hibernation | D5: Illustrative demo criteria: voluntary institutional suspension or facility overhaul [Demo Config] | E5: Governing body resolution and student migration transition roadmap [Demo Config] | F5: DRAFT -> SUBMITTED -> INITIAL_VALIDATION -> INITIAL_SCRUTINY -> COMMITTEE_REVIEW -> DECISION_PENDING -> WITHDRAWN | G5: FALSE | H5: TRUE | I5: ₹50,000 [Demo Config] | J5: 45 | K5: WITHDRAWN, HIBERNATED, REJECTED | L5: WITHDRAWN

Sheet Role_Permissions
A1: Role_ID | B1: Role_Code | C1: Role_Title | D1: User_Domain | E1: Permitted_Stages_Access | F1: Allowed_Actions | G1: Operational_Restrictions | H1: Can_Approve | I1: Can_Flag_Deficiency | J1: Can_Issue_Orders | K1: Can_Upload_Inspection | L1: Statutory_Decision_Authority | M1: Access_Level_Description
A2: ROL_01 | B2: ROLE_INSTITUTION_ADMIN | C2: Institution Admin | D2: External Applicant | E2: DRAFT, DEFICIENCY_RAISED, WITHDRAWN | F2: CREATE_DRAFT, SUBMIT_APPLICATION, UPLOAD_DEFICIENCY_RESPONSE, REQUEST_WITHDRAWAL | G2: Restricted from advancing stage without fees or bypassing scrutiny memo | H2: FALSE | I2: FALSE | J2: FALSE | K2: FALSE | L2: FALSE | M2: Prepares institutional application data, uploads deficiency compliance, and requests withdrawal.
A3: ROL_02 | B3: ROLE_INTAKE_OFFICER | C3: Intake Officer | D3: AICTE Regional Office | E3: SUBMITTED, INITIAL_VALIDATION | F3: RECEIVE_APPLICATION, VERIFY_INTAKE_CHECKLIST, ASSIGN_VALIDATION | G3: Cannot evaluate technical criteria or issue statutory determinations | H3: FALSE | I3: FALSE | J3: FALSE | K3: FALSE | L3: FALSE | M3: Performs initial application intake, verifies submission checklist, and queues for fee/document validation.
A4: ROL_03 | B4: ROLE_VALIDATION_OFFICER | C4: Validation Officer | D4: AICTE Regional Office | E4: INITIAL_VALIDATION, INITIAL_SCRUTINY | F4: VALIDATE_FEES, VERIFY_MANDATORY_DOCS, FORWARD_TO_SCRUTINY | G4: Cannot grant regulatory approvals or alter institutional norms | H4: FALSE | I4: FALSE | J4: FALSE | K4: FALSE | L4: FALSE | M4: Validates fee payment reconciliation and mandatory preliminary statutory documentation.
A5: ROL_04 | B5: ROLE_SCRUTINY_OFFICER | C5: Scrutiny Officer | D5: Expert Panel | E5: INITIAL_SCRUTINY, DEFICIENCY_RAISED, RE_SCRUTINY, EVC_PENDING | F5: EVALUATE_DOCUMENTS, PASS_SCRUTINY, FLAG_DEFICIENCY, VERIFY_COMPLIANCE | G5: Restricted to technical scrutiny window; cannot conduct physical inspection | H5: TRUE | I5: TRUE | J5: FALSE | K5: FALSE | L5: FALSE | M5: Conducts digital technical verification of land, building, faculty, and academic programs; flags deficiencies.
A6: ROL_05 | B6: ROLE_EVC_COORDINATOR | C6: EVC Coordinator | D6: Expert Panel | E6: EVC_PENDING, EVC_SCHEDULED, EVC_COMPLETED | F6: SCHEDULE_EVC, CONDUCT_INSPECTION, UPLOAD_EVC_REPORT, SCORE_RUBRIC | G6: Cannot modify institutional application data or waive statutory norms | H6: TRUE | I6: TRUE | J6: FALSE | K6: TRUE | L6: FALSE | M6: Coordinates and conducts on-site/virtual physical verification with geo-tagging; uploads inspection scoring.
A7: ROL_06 | B7: ROLE_COMMITTEE_SECRETARIAT | C7: Committee Secretariat | D7: AICTE HQ / Regional Office | E7: EVC_COMPLETED, COMMITTEE_REVIEW, DECISION_PENDING | F7: PREPARE_AGENDA, COMPILE_COMMITTEE_MINUTES, RECOMMEND_OUTCOME | G7: Administrative compilation only; cannot cast statutory decision votes | H7: TRUE | I7: FALSE | J7: FALSE | K7: FALSE | L7: FALSE | M7: Prepares committee agenda, compiles scrutiny and EVC reports, and records committee recommendations.
A8: ROL_07 | B8: ROLE_COMPETENT_AUTHORITY | C8: Competent Authority Secretariat | D8: AICTE Council / Executive Committee | E8: DECISION_PENDING, COMPLETED, REJECTED, HIBERNATED | F8: GRANT_APPROVAL, ISSUE_REJECTION, AUTHORIZE_HIBERNATION | G8: Must record official human statutory determination; automated decisions strictly prohibited | H8: TRUE | I8: FALSE | J8: TRUE | K8: FALSE | L8: TRUE | M8: Authorized competent statutory authority recording official executive decisions through human determination.
A9: ROL_08 | B9: ROLE_RECORDS_OFFICER | C9: Records Officer | D9: AICTE Administration | E9: COMPLETED, WITHDRAWN | F9: DISPATCH_APPROVAL_LETTER, ARCHIVE_DOSSIER, PUBLISH_PORTAL_REGISTRY | G9: Purely administrative archiving; cannot amend granted approvals or decisions | H9: FALSE | I9: FALSE | J9: TRUE | K9: FALSE | L9: FALSE | M9: Dispatches official LoA/EoA letters, updates public institutional portal register, and archives dossiers.
A10: ROL_09 | B10: ROLE_APPELLATE_AUTHORITY | C10: Appellate Authority | D10: Appellate Panel | E10: REJECTED, DECISION_PENDING | F10: CONDUCT_APPELLATE_HEARING, REVIEW_APPEAL, REMAND_FOR_RE_EVALUATION | G10: Bound by quasi-judicial appellate proceedings; hears appeals on rejected applications | H10: TRUE | I10: FALSE | J10: TRUE | K10: FALSE | L10: TRUE | M10: Quasi-judicial authority conducting formal appellate hearings on rejected applications.
A11: ROL_10 | B11: ROLE_AUDITOR_VIGILANCE | C11: Chief Vigilance Officer | D11: AICTE Oversight | E11: ALL_STAGES_READ_ONLY | F11: VIEW_AUDIT_LOGS, EXPORT_INTEGRITY_REPORTS, AUDIT_TRAIL_INSPECTION | G11: Strict Read-Only; cannot modify or transition application records | H11: FALSE | I11: FALSE | J11: FALSE | K11: FALSE | L11: FALSE | M11: Independent oversight across all records, transition audit logs, and decisions for fraud prevention.
A12: ROL_11 | B12: ROLE_SYSTEM_ENGINE | C12: Automated Workflow Orchestrator | D12: AICTE IT Core | E12: ALL_STAGES_AUTOMATED | F12: TRIGGER_SLA_REMINDERS, LOG_AUDIT_EVENT, RECALCULATE_DAYS_IN_STAGE | G12: Automated timers and event logging only; strictly prohibited from recording statutory decisions | H12: FALSE | I12: FALSE | J12: FALSE | K12: FALSE | L12: FALSE | M12: Automated engine managing SLA reminders and system logging without discretionary authority.

Sheet Application_Stage_Assignment
A1: Application_ID | B1: Permanent_Institute_ID | C1: Institution_Name | D1: Region | E1: Route_Code | F1: Current_Stage_Code | G1: Assigned_Role | H1: Submission_Date | I1: Stage_Entry_Date | J1: Days_In_Current_Stage | K1: SLA_Days | L1: SLA_Deadline | M1: SLA_Status | N1: Valid_Next_Allowed_Actions | O1: Expected_Next_Stage | P1: Deficiency_Count | Q1: Remarks
A2: APP001 | B2: INST001 | C2: Aishabai College of Education | D2: Western | E2: ROUTE_EOA_STD | F2: DRAFT | G2: ROLE_INSTITUTION_ADMIN | I2: 46319 | J2: =IF(ISBLANK(I2), 0, DATE(2026,10,25) - I2) -> 1 | K2: =VLOOKUP(F2, Stage_Definitions!$B$2:$G$16, 6, FALSE) -> 30 | L2: =IF(K2=0, "N/A", TEXT(I2+K2, "yyyy-mm-dd")) -> 2026-11-23 | M2: =IF(K2=0, "COMPLETED", IF(DATE(2026,10,25) > I2+K2, "BREACHED", IF(I2+K2 - DATE(2026,10,25) <= 2, "WARNING", "ON_TRACK"))) -> ON_TRACK | N2: SUBMIT_APPLICATION | O2: SUBMITTED | P2: 0 | Q2: Initial draft saved prior to formal submission.
A3: APP002 | B3: INST002 | C3: Anjuman-I- Islam's, Akbar Peerbhoy College of Commerce & Economics | D3: Western | E3: ROUTE_NEW_INST | F3: SUBMITTED | G3: ROLE_INTAKE_OFFICER | H3: 46317 | I3: 46319 | J3: =IF(ISBLANK(I3), 0, DATE(2026,10,25) - I3) -> 1 | K3: =VLOOKUP(F3, Stage_Definitions!$B$2:$G$16, 6, FALSE) -> 3 | L3: =IF(K3=0, "N/A", TEXT(I3+K3, "yyyy-mm-dd")) -> 2026-10-27 | M3: =IF(K3=0, "COMPLETED", IF(DATE(2026,10,25) > I3+K3, "BREACHED", IF(I3+K3 - DATE(2026,10,25) <= 2, "WARNING", "ON_TRACK"))) -> WARNING | N3: ASSIGN_INTAKE / REQUEST_WITHDRAWAL | O3: INITIAL_VALIDATION | P3: 0 | Q3: Submitted with digital signatures; awaiting initial intake checklist verification.
A4: APP003 | B4: INST003 | C4: Abhinav Education Societys Law College, Pune | D4: Western | E4: ROUTE_INC_INTAKE | F4: INITIAL_VALIDATION | G4: ROLE_VALIDATION_OFFICER | H4: 46315 | I4: 46318 | J4: =IF(ISBLANK(I4), 0, DATE(2026,10,25) - I4) -> 2 | K4: =VLOOKUP(F4, Stage_Definitions!$B$2:$G$16, 6, FALSE) -> 5 | L4: =IF(K4=0, "N/A", TEXT(I4+K4, "yyyy-mm-dd")) -> 2026-10-28 | M4: =IF(K4=0, "COMPLETED", IF(DATE(2026,10,25) > I4+K4, "BREACHED", IF(I4+K4 - DATE(2026,10,25) <= 2, "WARNING", "ON_TRACK"))) -> ON_TRACK | N4: VALIDATE_FEES_DOCS / ROLLBACK_INTAKE | O4: INITIAL_SCRUTINY | P4: 0 | Q4: Payment challan reconciled; preliminary statutory documentation verified.
A5: APP004 | B5: INST004 | C5: Ashtang Ayurved Mahavidyalaya, Pune | D5: Western | E5: ROUTE_EOA_STD | F5: INITIAL_SCRUTINY | G5: ROLE_SCRUTINY_OFFICER | H5: 46313 | I5: 46317 | J5: =IF(ISBLANK(I5), 0, DATE(2026,10,25) - I5) -> 3 | K5: =VLOOKUP(F5, Stage_Definitions!$B$2:$G$16, 6, FALSE) -> 10 | L5: =IF(K5=0, "N/A", TEXT(I5+K5, "yyyy-mm-dd")) -> 2026-11-01 | M5: =IF(K5=0, "COMPLETED", IF(DATE(2026,10,25) > I5+K5, "BREACHED", IF(I5+K5 - DATE(2026,10,25) <= 2, "WARNING", "ON_TRACK"))) -> ON_TRACK | N5: PASS_SCRUTINY / FLAG_DEFICIENCIES | O5: COMMITTEE_REVIEW | P5: 0 | Q5: Technical scrutiny progressing on track for routine EoA.
A6: APP005 | B6: INST005 | C6: TAPI VALLEY EDUCATION SOCIETY'S DHANAJI NANA MAHAVIDYALAYA, FAIZPUR. | D6: Western | E6: ROUTE_NEW_INST | F6: INITIAL_SCRUTINY | G6: ROLE_SCRUTINY_OFFICER | H6: 46309 | I6: 46312 | J6: =IF(ISBLANK(I6), 0, DATE(2026,10,25) - I6) -> 8 | K6: =VLOOKUP(F6, Stage_Definitions!$B$2:$G$16, 6, FALSE) -> 10 | L6: =IF(K6=0, "N/A", TEXT(I6+K6, "yyyy-mm-dd")) -> 2026-10-27 | M6: =IF(K6=0, "COMPLETED", IF(DATE(2026,10,25) > I6+K6, "BREACHED", IF(I6+K6 - DATE(2026,10,25) <= 2, "WARNING", "ON_TRACK"))) -> WARNING | N6: PASS_SCRUTINY / FLAG_DEFICIENCIES / RECOMMEND_EVC | O6: DEFICIENCY_RAISED | P6: 1 | Q6: Scrutiny identified missing laboratory and faculty cadres; past SLA.
A7: APP006 | B7: INST006 | C7: Z I COLLEGE OF LAW | D7: Northern | E7: ROUTE_EOA_STD | F7: DEFICIENCY_RAISED | G7: ROLE_INSTITUTION_ADMIN | H7: 46310 | I7: 46313 | J7: =IF(ISBLANK(I7), 0, DATE(2026,10,25) - I7) -> 7 | K7: =VLOOKUP(F7, Stage_Definitions!$B$2:$G$16, 6, FALSE) -> 10 | L7: =IF(K7=0, "N/A", TEXT(I7+K7, "yyyy-mm-dd")) -> 2026-10-28 | M7: =IF(K7=0, "COMPLETED", IF(DATE(2026,10,25) > I7+K7, "BREACHED", IF(I7+K7 - DATE(2026,10,25) <= 2, "WARNING", "ON_TRACK"))) -> ON_TRACK | N7: RECTIFY_DEFICIENCY / WITHDRAW_DEFICIENT | O7: RE_SCRUTINY | P7: 1 | Q7: Deficiency notice sent; 10-day institutional compliance response window open.
A8: APP007 | B8: INST007 | C8: Zydus Medical College and Hospital. | D8: Western | E8: ROUTE_NEW_INST | F8: DEFICIENCY_RAISED | G8: ROLE_INSTITUTION_ADMIN | H8: 46305 | I8: 46309 | J8: =IF(ISBLANK(I8), 0, DATE(2026,10,25) - I8) -> 11 | K8: =VLOOKUP(F8, Stage_Definitions!$B$2:$G$16, 6, FALSE) -> 10 | L8: =IF(K8=0, "N/A", TEXT(I8+K8, "yyyy-mm-dd")) -> 2026-10-24 | M8: =IF(K8=0, "COMPLETED", IF(DATE(2026,10,25) > I8+K8, "BREACHED", IF(I8+K8 - DATE(2026,10,25) <= 2, "WARNING", "ON_TRACK"))) -> BREACHED | N8: RECTIFY_DEFICIENCY / WITHDRAW_DEFICIENT | O8: RE_SCRUTINY | P8: 2 | Q8: Deficiency notice active for land title clarifications.
A9: APP008 | B9: INST008 | C9: Z. F. Wadia Womens College and N. K. Johta College of Commerce, Chorasi | D9: Western | E9: ROUTE_INC_INTAKE | F9: DEFICIENCY_RAISED | G9: ROLE_INSTITUTION_ADMIN | H9: 46311 | I9: 46316 | J9: =IF(ISBLANK(I9), 0, DATE(2026,10,25) - I9) -> 4 | K9: =VLOOKUP(F9, Stage_Definitions!$B$2:$G$16, 6, FALSE) -> 10 | L9: =IF(K9=0, "N/A", TEXT(I9+K9, "yyyy-mm-dd")) -> 2026-10-31 | M9: =IF(K9=0, "COMPLETED", IF(DATE(2026,10,25) > I9+K9, "BREACHED", IF(I9+K9 - DATE(2026,10,25) <= 2, "WARNING", "ON_TRACK"))) -> ON_TRACK | N9: RECTIFY_DEFICIENCY / WITHDRAW_DEFICIENT | O9: RE_SCRUTINY | P9: 1 | Q9: Pending compliance submission on track for increased intake.
A10: APP009 | B10: INST009 | C10: ZENITH ENGINEERING AND MANAGEMENT STUDIES | D10: Eastern | E10: ROUTE_EOA_STD | F10: DEFICIENCY_RAISED | G10: ROLE_INSTITUTION_ADMIN | H10: 46307 | I10: 46311 | J10: =IF(ISBLANK(I10), 0, DATE(2026,10,25) - I10) -> 9 | K10: =VLOOKUP(F10, Stage_Definitions!$B$2:$G$16, 6, FALSE) -> 10 | L10: =IF(K10=0, "N/A", TEXT(I10+K10, "yyyy-mm-dd")) -> 2026-10-26 | M10: =IF(K10=0, "COMPLETED", IF(DATE(2026,10,25) > I10+K10, "BREACHED", IF(I10+K10 - DATE(2026,10,25) <= 2, "WARNING", "ON_TRACK"))) -> WARNING | N10: RECTIFY_DEFICIENCY / WITHDRAW_DEFICIENT | O10: RE_SCRUTINY | P10: 1 | Q10: Final day for deficiency response submission.
A11: APP010 | B11: INST010 | C11: ZENITH INSTITUTE OF NURSING SCIENCES | D11: Eastern | E11: ROUTE_NEW_INST | F11: RE_SCRUTINY | G11: ROLE_SCRUTINY_OFFICER | H11: 46306 | I11: 46316 | J11: =IF(ISBLANK(I11), 0, DATE(2026,10,25) - I11) -> 4 | K11: =VLOOKUP(F11, Stage_Definitions!$B$2:$G$16, 6, FALSE) -> 7 | L11: =IF(K11=0, "N/A", TEXT(I11+K11, "yyyy-mm-dd")) -> 2026-10-28 | M11: =IF(K11=0, "COMPLETED", IF(DATE(2026,10,25) > I11+K11, "BREACHED", IF(I11+K11 - DATE(2026,10,25) <= 2, "WARNING", "ON_TRACK"))) -> ON_TRACK | N11: PASS_RE_SCRUTINY / RE_SCRUTINY_TO_EVC | O11: COMMITTEE_REVIEW | P11: 0 | Q11: Evaluating compliance documents uploaded following deficiency notice.
A12: APP011 | B12: INST011 | C12: ZILA PARISHAD AGRICULTURE COLLEGE | D12: Northern | E12: ROUTE_EOA_STD | F12: RE_SCRUTINY | G12: ROLE_SCRUTINY_OFFICER | H12: 46308 | I12: 46314 | J12: =IF(ISBLANK(I12), 0, DATE(2026,10,25) - I12) -> 6 | K12: =VLOOKUP(F12, Stage_Definitions!$B$2:$G$16, 6, FALSE) -> 7 | L12: =IF(K12=0, "N/A", TEXT(I12+K12, "yyyy-mm-dd")) -> 2026-10-26 | M12: =IF(K12=0, "COMPLETED", IF(DATE(2026,10,25) > I12+K12, "BREACHED", IF(I12+K12 - DATE(2026,10,25) <= 2, "WARNING", "ON_TRACK"))) -> WARNING | N12: PASS_RE_SCRUTINY / ESCALATE_UNRESOLVED | O12: COMMITTEE_REVIEW | P12: 1 | Q12: Re-scrutiny evaluation exceeding designated review timeline.
A13: APP012 | B13: INST012 | C13: ZION INSTITUTE OF NURSING | D13: Eastern | E13: ROUTE_NEW_INST | F13: RE_SCRUTINY | G13: ROLE_SCRUTINY_OFFICER | H13: 46312 | I13: 46318 | J13: =IF(ISBLANK(I13), 0, DATE(2026,10,25) - I13) -> 2 | K13: =VLOOKUP(F13, Stage_Definitions!$B$2:$G$16, 6, FALSE) -> 7 | L13: =IF(K13=0, "N/A", TEXT(I13+K13, "yyyy-mm-dd")) -> 2026-10-30 | M13: =IF(K13=0, "COMPLETED", IF(DATE(2026,10,25) > I13+K13, "BREACHED", IF(I13+K13 - DATE(2026,10,25) <= 2, "WARNING", "ON_TRACK"))) -> ON_TRACK | N13: PASS_RE_SCRUTINY / RE_SCRUTINY_TO_EVC | O13: EVC_PENDING | P13: 0 | Q13: Second-level compliance scrutiny progressing normally.
A14: APP013 | B14: INST013 | C14: Zubaida Womens Arts College, Shikaripura. | D14: South-Western | E14: ROUTE_INC_INTAKE | F14: EVC_PENDING | G14: ROLE_EVC_COORDINATOR | H14: 46307 | I14: 46317 | J14: =IF(ISBLANK(I14), 0, DATE(2026,10,25) - I14) -> 3 | K14: =VLOOKUP(F14, Stage_Definitions!$B$2:$G$16, 6, FALSE) -> 7 | L14: =IF(K14=0, "N/A", TEXT(I14+K14, "yyyy-mm-dd")) -> 2026-10-29 | M14: =IF(K14=0, "COMPLETED", IF(DATE(2026,10,25) > I14+K14, "BREACHED", IF(I14+K14 - DATE(2026,10,25) <= 2, "WARNING", "ON_TRACK"))) -> ON_TRACK | N14: SCHEDULE_EVC_VISIT | O14: EVC_SCHEDULED | P14: 0 | Q14: Expert visit committee roster assignment pending.
... A26: APP025 | B26: INST015 | C26: 203-RAMESHWARAM INSTITUTE OF TECHNOLOGY AND MANAGEMENT | D26: Northern | E26: ROUTE_INC_INTAKE | F26: REJECTED | G26: ROLE_APPELLATE_AUTHORITY | H26: 46296 | I26: 46310 | J26: =IF(ISBLANK(I26), 0, DATE(2026,10,25) - I26) -> 10 | K26: =VLOOKUP(F26, Stage_Definitions!$B$2:$G$16, 6, FALSE) -> 0 | L26: =IF(K26=0, "N/A", TEXT(I26+K26, "yyyy-mm-dd")) -> N/A | M26: =IF(K26=0, "COMPLETED", IF(DATE(2026,10,25) > I26+K26, "BREACHED", IF(I26+K26 - DATE(2026,10,25) <= 2, "WARNING", "ON_TRACK"))) -> COMPLETED | N26: REMAND_APPEAL / ARCHIVE | O26: TERMINAL | P26: 3 | Q26: Formally rejected due to unrectified norms; appellate filing active.

Sheet Data_Dictionary
A1: Table_Name | B1: Field_Name | C1: Data_Type | D1: Key_Type | E1: Referenced_Table_Field | F1: Null_Allowed | G1: Description
A2: Stage_Definitions | B2: Stage_ID | C2: String | D2: Primary Key | E2: None | F2: No | G2: Unique alphanumeric identifier for workflow stage (e.g. STG_01).
A3: Stage_Definitions | B3: Stage_Code | C3: String | D3: Unique Key | E3: None | F3: No | G3: Canonical programmatic stage code (e.g. DRAFT, SUBMITTED, INITIAL_SCRUTINY).
A4: Stage_Definitions | B4: Stage_Name | C4: String | D4: Descriptive | E4: None | F4: No | G4: Official human-readable title of the workflow stage displayed on portal.
A5: Stage_Definitions | B5: Stage_Category | C5: String | D5: Descriptive | E5: None | F5: No | G5: High-level functional category (Drafting, Intake, Committee, Inspection, Final Determination).
A6: Stage_Definitions | B6: Stage_Type | C6: String | D6: Descriptive | E6: None | F6: No | G6: Stage lifecycle classification: Initial, Intermediate, Exception, Terminal.
A7: Stage_Definitions | B7: Responsible_Role | C7: String | D7: Foreign Key | E7: Role_Permissions.Role_Title | F7: No | G7: Default primary stakeholder role responsible for actioning this stage.
A8: Stage_Definitions | B8: SLA_Days | C8: Integer | D8: Descriptive | E8: None | F8: No | G8: Statutory SLA turnaround standard in calendar days.
A9: Stage_Definitions | B9: Is_Terminal | C9: Boolean | D9: Descriptive | E9: None | F9: No | G9: TRUE if stage concludes the lifecycle (e.g. COMPLETED, REJECTED, WITHDRAWN).
A10: Stage_Definitions | B10: Can_Rollback | C10: Boolean | D10: Descriptive | E10: None | F10: No | G10: TRUE if state machine allows regression to an earlier stage.
A11: Stage_Definitions | B11: Requires_Digital_Signoff | C11: Boolean | D11: Descriptive | E11: None | F11: No | G11: TRUE if digital signature (DSC) is mandatory to advance stage.
A12: Stage_Definitions | B12: Escalation_Stage | C12: String | D12: Foreign Key | E12: Stage_Definitions.Stage_Code | F12: Yes | G12: Target stage code for SLA breach or exception escalation.
... A85: Validation_Report | B85: Audit_Result | C85: Formula | D85: Derived | E85: None | F85: No | G85: Status indicator: PASS (0 breaches) or FAIL (>0 breaches).

Sheet Validation_Report
A1: AICTE WORKFLOW INTEGRITY & REFERENTIAL VALIDATION AUDIT
A2: Automated real-time cross-reference validation engine verifying relational schema integrity, foreign keys, and pipeline health across all 7 dataset tables.
A4: AUDIT SUMMARY SCORECARD | B4: Total Integrity Rules Evaluated | C4: Total Referential Breaches | D4: Overall Compliance Rate | E4: System Integrity Audit Status
A5: SCORECARD METRICS | B5: =COUNTA(A10:A17) -> 8 | C5: =SUM(E10:E17) -> 0 | D5: =AVERAGE(F10:F17) -> 1 | E5: =IF(C5=0, "PASSED - ZERO DEFECTS", "FAIL - BREACHES DETECTED") -> PASSED - ZERO DEFECTS
A8: RELATIONAL INTEGRITY AUDIT TEST MATRIX
A9: Test_ID | B9: Validation_Category | C9: Test_Description | D9: Total_Evaluated | E9: Breach_Count | F9: Compliance_Rate | G9: Audit_Result
A10: VLD_01 | B10: Stage Integrity | C10: Stage Definitions maintain unique, non-blank Stage IDs and canonical Stage Codes | D10: =COUNTA(Stage_Definitions!$B$2:$B$16) -> 15 | E10: =IFERROR(__xludf.DUMMYFUNCTION("COUNTA(Stage_Definitions!$B$2:$B$16) - COUNTUNIQUE(Stage_Definitions!$B$2:$B$16)"),0.0) -> 0 | F10: =(D10-E10)/D10 -> 1 | G10: =IF(E10=0, "PASS", "FAIL") -> PASS
A11: VLD_02 | B11: Transition Endpoints | C11: Current Stage (source) references in Transition Rules match valid Stage Codes in Stage Definitions | D11: =COUNTA(Transition_Rules!$B$2:$B$25) -> 24 | E11: =SUMPRODUCT((Transition_Rules!$B$2:$B$25<>"")*(ISNA(MATCH(Transition_Rules!$B$2:$B$25, Stage_Definitions!$B$2:$B$16, 0)))) -> 0 | F11: =(D11-E11)/D11 -> 1 | G11: =IF(E11=0, "PASS", "FAIL") -> PASS
A12: VLD_03 | B12: Transition Endpoints | C12: Next Stage (target) references in Transition Rules match valid Stage Codes in Stage Definitions | D12: =COUNTA(Transition_Rules!$D$2:$D$25) -> 24 | E12: =SUMPRODUCT((Transition_Rules!$D$2:$D$25<>"")*(ISNA(MATCH(Transition_Rules!$D$2:$D$25, Stage_Definitions!$B$2:$B$16, 0)))) -> 0 | F12: =(D12-E12)/D12 -> 1 | G12: =IF(E12=0, "PASS", "FAIL") -> PASS
A13: VLD_04 | B13: Stage Assignments | C13: Active Stage references in Application Stage Assignment match valid Stage Codes in Stage Definitions | D13: =COUNTA(Application_Stage_Assignment!$F$2:$F$26) -> 25 | E13: =SUMPRODUCT((Application_Stage_Assignment!$F$2:$F$26<>"")*(ISNA(MATCH(Application_Stage_Assignment!$F$2:$F$26, Stage_Definitions!$B$2:$B$16, 0)))) -> 0 | F13: =(D13-E13)/D13 -> 1 | G13: =IF(E13=0, "PASS", "FAIL") -> PASS
A14: VLD_05 | B14: Route Integrity | C14: Assigned Routes in Stage Assignment match Application Routes and Final Outcomes match Stage Definitions | D14: =COUNTA(Application_Stage_Assignment!$E$2:$E$26) -> 25 | E14: =SUMPRODUCT((Application_Stage_Assignment!$E$2:$E$26<>"")*(ISNA(MATCH(Application_Stage_Assignment!$E$2:$E$26, Application_Routes!$B$2:$B$5, 0)))) + SUMPRODUCT((Application_Routes!$L$2:$L$5<>"")*(ISNA(MATCH(Application_Routes!$L$2:$L$5, Stage_Definitions!$B$2:$B$16, 0)))) -> 0 | F14: =(D14-E14)/D14 -> 1 | G14: =IF(E14=0, "PASS", "FAIL") -> PASS
A15: VLD_06 | B15: Application Master | C15: Application IDs match master APP001-APP025 and Institution IDs match verified INST001-INST015 | D15: =COUNTA(Application_Stage_Assignment!$A$2:$A$26) -> 25 | E15: =IFERROR(__xludf.DUMMYFUNCTION("SUMPRODUCT((Application_Stage_Assignment!$A$2:$A$26<>"""")*(REGEXMATCH(Application_Stage_Assignment!$A$2:$A$26, ""^APP[0-9]{3}$"")=FALSE)) + SUMPRODUCT((Application_Stage_Assignment!$B$2:$B$26<>"""")*(REGEXMATCH(Application_Stage_Assignment!$B$2:$B$26, """&"^INST[0-9]{3}$"")=FALSE))"),0.0) -> 0 | F15: =(D15-E15)/D15 -> 1 | G15: =IF(E15=0, "PASS", "FAIL") -> PASS
A16: VLD_07 | B16: Role RBAC | C16: Assigned, Authorized, and Responsible roles across all sheets match valid entries in Role Permissions | D16: =COUNTA(Application_Stage_Assignment!$G$2:$G$26) + COUNTA(Transition_Rules!$F$2:$F$25) + COUNTA(Stage_Definitions!$F$2:$F$16) -> 64 | E16: =SUMPRODUCT((Application_Stage_Assignment!$G$2:$G$26<>"")*(ISNA(MATCH(Application_Stage_Assignment!$G$2:$G$26, Role_Permissions!$B$2:$B$12, 0)))) + SUMPRODUCT((Transition_Rules!$F$2:$F$25<>"")*(ISNA(MATCH(Transition_Rules!$F$2:$F$25, Role_Permissions!$C$2:$C$12, 0)))) + SUMPRODUCT((Stage_Definitions!$F$2:$F$16<>"")*(ISNA(MATCH(Stage_Definitions!$F$2:$F$16, Role_Permissions!$C$2:$C$12, 0)))) -> 0 | F16: =(D16-E16)/D16 -> 1 | G16: =IF(E16=0, "PASS", "FAIL") -> PASS
A17: VLD_08 | B17: Human Governance | C17: Approval and Rejection decisions enforce human task execution with zero automated triggers | D17: =COUNTIF(Transition_Rules!$D$2:$D$25, "COMPLETED") + COUNTIF(Transition_Rules!$D$2:$D$25, "REJECTED") -> 2 | E17: =COUNTIFS(Transition_Rules!$D$2:$D$25, "COMPLETED", Transition_Rules!$J$2:$J$25, TRUE) + COUNTIFS(Transition_Rules!$D$2:$D$25, "REJECTED", Transition_Rules!$J$2:$J$25, TRUE) -> 0 | F17: =(D17-E17)/D17 -> 1 | G17: =IF(E17=0, "PASS", "FAIL") -> PASS
A20: APPLICATION PIPELINE HEALTH & SLA OPERATIONAL SUMMARY
A21: Metric_ID | B21: Pipeline_Health_Indicator | C21: Evaluated_Dimension | D21: Metric_Value | E21: Benchmark_Target | F21: Operational_Status | G21: Action_Recommendation
A22: MTR_01 | B22: Active Application Pipeline | C22: Total Applications Processed | D22: =COUNTA(Application_Stage_Assignment!$A$2:$A$26) -> 25 | E22: 25 Applications | F22: ACTIVE | G22: Pipeline operating under standard capacity.
A23: MTR_02 | B23: SLA Compliance: On Track | C23: Applications On Schedule | D23: =COUNTIF(Application_Stage_Assignment!$M$2:$M$26, "ON_TRACK") -> 12 | E23: >= 10% | F23: HEALTHY | G23: Within standard statutory operating windows.
A24: MTR_03 | B24: SLA Attention: Warning Window | C24: Applications Near Deadline (<=2 days) | D24: =COUNTIF(Application_Stage_Assignment!$M$2:$M$26, "WARNING") -> 6 | E24: Monitor Closely | F24: ATTENTION | G24: Automated reminders dispatched to assigned desk officers.
A25: MTR_04 | B25: SLA Non-Compliance: Breached | C25: Applications Exceeding SLA Window | D25: =COUNTIF(Application_Stage_Assignment!$M$2:$M$26, "BREACHED") -> 2 | E25: 0 Target | F25: BREACHED | G25: Escalated to Standing Appellate Committee for expedited disposal.
A26: MTR_05 | B26: Lifecycle Completed | C26: Terminal Approvals / Withdrawn / Rejected | D26: =COUNTIF(Application_Stage_Assignment!$M$2:$M$26, "COMPLETED") -> 5 | E26: Baseline Target | F26: RESOLVED | G26: Final Council orders published and archived.
A27: MTR_06 | B27: Active Regulatory Deficiencies | C27: Applications with Document/Infra Deficiencies | D27: =COUNTIF(Application_Stage_Assignment!$P$2:$P$26, ">0") -> 8 | E27: Zero Tolerance | F27: TRACKED | G27: Portal compliance re-submission window active.
A28: MTR_07 | B28: Hibernated Institutions | C28: Institutions in Facility Revamp Mode | D28: =COUNTIF(Application_Stage_Assignment!$F$2:$F$26, "HIBERNATED") -> 0 | E28: Annual Quota | F28: CONTROLLED | G28: 1-year administrative moratorium granted under regulatory provisions.
